[{"title":"相爱的人会在一起（伟大的安妮主编，当当网独家附赠定制折纸存储...","img":"http://img3x8.ddimg.cn/20/27/24042368-1_l_6.jpg","author":"伟大的安妮主编","publister":"中国友谊出版公司","publist_time":"2016-10-01","link":"http://product.dangdang.com/24042368.html","price":"¥28.70"},{"title":"一个人住第几年？（高木直子最新绘本）","img":"http://img3x7.ddimg.cn/28/7/24030397-1_l_2.jpg","author":"高木直子","publister":"百花洲文艺出版社","publist_time":"2016-09-30","link":"http://product.dangdang.com/24030397.html","price":"¥21.60"},{"title":"Re：从零开始的异世界生活 1","img":"http://img3x9.ddimg.cn/93/25/24023829-1_l_5.jpg","author":"长月达平（日）","publister":"台海出版社","publist_time":"2016-09-08","link":"http://product.dangdang.com/24023829.html","price":"¥20.20"},{"title":"亲爱的，永远少女吧","img":"http://img3x7.ddimg.cn/15/2/24029097-1_l_5.jpg","author":"李淡淡 著；绘","publister":"江苏文艺出版社","publist_time":"2016-10-01","link":"http://product.dangdang.com/24029097.html","price":"¥44.60"},{"title":"大鱼海棠：纪念大画集","img":"http://img3x8.ddimg.cn/26/8/24009308-1_l_2.jpg","author":"彼岸天","publister":"百花洲文艺出版社","publist_time":"2016-07-01","link":"http://product.dangdang.com/24009308.html","price":"¥62.00"},{"title":"盗墓笔记cosplay集：云顶天宫","img":"http://img3x3.ddimg.cn/96/24/24033633-1_l_12.jpg","author":"南派三叔，304文化","publister":"浙江文艺出版社","publist_time":"2016-09-20","link":"http://product.dangdang.com/24033633.html","price":"¥38.20"},{"title":"快把我哥带走.2（预售期间下单即可获得作者 幽・灵 亲笔签名。超...","img":"http://img3x3.ddimg.cn/93/34/24015513-1_l_4.jpg","author":"幽・灵","publister":"中国友谊出版公司","publist_time":"2016-09-01","link":"http://product.dangdang.com/24015513.html","price":"¥28.30"},{"title":"我家大师兄脑子有坑（收录全新番外，作者亲自排版单行本，新增40...","img":"http://img3x2.ddimg.cn/5/5/24025622-1_l_12.jpg","author":"凌宇沫","publister":"江西美术出版社","publist_time":"2016-09-01","link":"http://product.dangdang.com/24025622.html","price":"¥32.10"},{"title":"有狐:给我来个小和尚（当当专供）","img":"http://img3x3.ddimg.cn/30/35/24016143-1_l_12.jpg","author":"郭斯特","publister":"中国友谊出版公司","publist_time":"2016-08-01","link":"http://product.dangdang.com/24016143.html","price":"¥31.80"},{"title":"零分偶像（预售期间下单即可获得作者青庭签名，伟大的安妮监制，...","img":"http://img3x0.ddimg.cn/56/31/24032900-1_l_6.jpg","author":"青庭","publister":"中国友谊出版公司","publist_time":"2016-10-01","link":"http://product.dangdang.com/24032900.html","price":"¥28.70"},{"title":"斗罗大陆3龙王传说1（漫画版） 唐家三少","img":"http://img3x7.ddimg.cn/50/30/24019727-1_l_5.jpg","author":"原著 唐家三少，编绘 Dr.大吉&Bart.D","publister":"浙江人民美术出版社","publist_time":"2016-08-25","link":"http://product.dangdang.com/24019727.html","price":"¥13.00"},{"title":"你好，旧时光（漫画版2）","img":"http://img3x9.ddimg.cn/58/0/24008449-1_l_6.jpg","author":"八月长安 原著，golo 编绘","publister":"长江文艺出版社","publist_time":"2016-08-30","link":"http://product.dangdang.com/24008449.html","price":"¥28.50"},{"title":"飞鱼","img":"http://img3x1.ddimg.cn/68/22/24034001-1_l_1.jpg","author":"斯琴图","publister":"台海出版社","publist_time":"2016-10-01","link":"http://product.dangdang.com/24034001.html","price":"¥36.00"},{"title":"哑舍・四季歌","img":"http://img3x6.ddimg.cn/83/30/24006296-1_l_6.jpg","author":"晓泊，玄色","publister":"长江文艺出版社","publist_time":"2016-07-22","link":"http://product.dangdang.com/24006296.html","price":"¥29.10"},{"title":"斗罗大陆2绝世唐门漫画白金版1 （腾讯动漫、布卡漫画、有妖气、网...","img":"http://img3x3.ddimg.cn/25/35/24017623-1_l_4.jpg","author":"原著 唐家三少，编绘 《绝世唐门》漫画创作组","publister":"浙江人民美术出版社","publist_time":"2016-08-23","link":"http://product.dangdang.com/24017623.html","price":"¥15.70"},{"title":"吾皇巴扎黑笔记本：对我有意见？憋着（就喜欢你看不惯我又干不掉...","img":"http://img3x3.ddimg.cn/1/30/24012253-1_l_6.jpg","author":"白茶","publister":"湖南美术出版社","publist_time":"2016-08-25","link":"http://product.dangdang.com/24012253.html","price":"¥29.80"},{"title":"最好的我们：漫画版1（当当独家四张精美填色卡）","img":"http://img3x4.ddimg.cn/36/9/24017634-1_l_5.jpg","author":"八月长安，鲸奇动画","publister":"长江文艺出版社","publist_time":"2016-09-30","link":"http://product.dangdang.com/24017634.html","price":"¥31.50"},{"title":"全职高手4 全明星周末（全新典藏版）","img":"http://img3x1.ddimg.cn/7/20/24036811-1_l.jpg","author":"蝴蝶蓝","publister":"羊城晚报出版社","publist_time":"2016-10-12","link":"http://product.dangdang.com/24036811.html","price":"¥30.40"},{"title":"刀剑神域17","img":"http://img3x4.ddimg.cn/89/3/24036794-1_l_6.jpg","author":"川原砾","publister":"浙江人民美术出版社","publist_time":"2016-10-12","link":"http://product.dangdang.com/24036794.html","price":"¥23.00"},{"title":"一日男友（伟大的安妮监制，点击量超过三亿的爱情体验手册，当当...","img":"http://img3x4.ddimg.cn/36/23/24036444-1_l_10.jpg","author":"阿良叔叔","publister":"北京联合出版公司","publist_time":"2016-10-01","link":"http://product.dangdang.com/24036444.html","price":"¥38.90"},{"title":"龙与地下室","img":"http://img3x0.ddimg.cn/76/23/24031930-1_l_10.jpg","author":"小流士&脱马斯","publister":"中国友谊出版公司","publist_time":"2016-09-01","link":"http://product.dangdang.com/24031930.html","price":"¥27.40"},{"title":"半面维纳斯（BENJAMIN本杰明新作，当当专享签名版，赠送套装明信...","img":"http://img3x2.ddimg.cn/44/1/24027542-1_l_27.jpg","author":"BENJAMIN","publister":"江苏文艺出版社","publist_time":"2016-09-01","link":"http://product.dangdang.com/24027542.html","price":"¥67.60"},{"title":"你好，同桌 神漫主题书（青春、同伴、热血、成长！王牌阵容+新鲜...","img":"http://img3x5.ddimg.cn/20/5/24024845-1_l_2.jpg","author":"极乐鸟,灞,璐阳,Dr.大吉&Bart.D,Dr.k","publister":"浙江人民美术出版社","publist_time":"2016-09-09","link":"http://product.dangdang.com/24024845.html","price":"¥13.00"},{"title":"很高兴认识你 龚燕珊（媲美《你今天真好看》的暖萌绘本，微博红人...","img":"http://img3x8.ddimg.cn/31/21/24022678-1_l_5.jpg","author":"龚燕珊","publister":"山东画报出版社","publist_time":"2016-09-14","link":"http://product.dangdang.com/24022678.html","price":"¥24.00"},{"title":"阿狸2017年日记手账：沉默的星空","img":"http://img3x1.ddimg.cn/63/5/24041421-1_l_2.jpg","author":"梦之城","publister":"人民邮电出版社","publist_time":"2016-09-01","link":"http://product.dangdang.com/24041421.html","price":"¥36.80"},{"title":"我兔斯基你（首发纪念图章+兔斯基便携记事本）","img":"http://img3x7.ddimg.cn/65/36/24039047-1_l_5.jpg","author":"兔斯基团队","publister":"湖南文艺出版社","publist_time":"2016-10-14","link":"http://product.dangdang.com/24039047.html","price":"¥26.20"},{"title":"不义联盟：人间之神2","img":"http://img3x7.ddimg.cn/24/16/24037917-1_l_2.jpg","author":"[美] 汤姆・泰勒 编剧   [美] 麦克・S.米勒   [美] 汤姆・德兰尼克 [美] 布鲁诺・瑞丹多","publister":"世界图书出版公司","publist_time":"2016-10-08","link":"http://product.dangdang.com/24037917.html","price":"¥48.80"},{"title":"昨日青空 . 印刻流年1","img":"http://img3x6.ddimg.cn/36/1/24037236-1_l_3.jpg","author":"口袋巧克力","publister":"湖南美术出版社","publist_time":"2016-10-12","link":"http://product.dangdang.com/24037236.html","price":"¥30.20"},{"title":"Re : 从零开始的异世界生活2 ","img":"http://img3x9.ddimg.cn/34/21/24032779-1_l_5.jpg","author":"长月达平（日）","publister":"台海出版社","publist_time":"2016-10-05","link":"http://product.dangdang.com/24032779.html","price":"¥23.00"},{"title":"6点15分的入梦人","img":"http://img3x9.ddimg.cn/22/5/24031579-1_l_6.jpg","author":"Feline 编绘","publister":"上海人民美术出版社","publist_time":"2016-09-01","link":"http://product.dangdang.com/24031579.html","price":"¥20.90"},{"title":"三言二拍","img":"http://img3x8.ddimg.cn/21/4/24031578-1_l_6.jpg","author":"阿舍","publister":"黑龙江美术出版社","publist_time":"2016-09-01","link":"http://product.dangdang.com/24031578.html","price":"¥30.20"},{"title":"画匣子・森林物语","img":"http://img3x8.ddimg.cn/20/21/24018608-1_l_5.jpg","author":"天闻角川编","publister":"湖南美术出版社","publist_time":"2016-08-30","link":"http://product.dangdang.com/24018608.html","price":"¥16.00"},{"title":"精灵梦叶罗丽. 第3季店长和女王的赌注","img":"http://img3x9.ddimg.cn/27/1/24014259-1_l_6.jpg","author":"河北精英动漫文化传播股份有限公司著,北京北舟文化传媒有限公司编","publister":"河北科技出版社","publist_time":"2016-08-01","link":"http://product.dangdang.com/24014259.html","price":"¥12.30"},{"title":"精灵梦叶罗丽. 第3季爱心教育","img":"http://img3x8.ddimg.cn/26/0/24014258-1_l_6.jpg","author":"河北精英动漫文化传播股份有限公司著,北京北舟文化传媒有限公司编","publister":"河北科技出版社","publist_time":"2016-08-01","link":"http://product.dangdang.com/24014258.html","price":"¥12.30"},{"title":"精灵梦叶罗丽第3季（套装6册，附赠6张人物贴纸及5张炫酷塔罗牌）","img":"http://img3x2.ddimg.cn/61/22/24010432-1_l_2.jpg","author":"河北精英动漫文化传播股份有限公司著,北京北舟文化传媒有限公司编","publister":"河北科技出版社","publist_time":"2016-08-01","link":"http://product.dangdang.com/24010432.html","price":"¥73.80"},{"title":"十二点的灰姑娘（当当精美海报版）","img":"http://img3x2.ddimg.cn/78/1/24010152-1_l_6.jpg","author":"栗子liz","publister":"长江文艺出版社","publist_time":"2016-08-30","link":"http://product.dangdang.com/24010152.html","price":"¥29.90"},{"title":"整容游戏","img":"http://img3x5.ddimg.cn/33/24/24008325-1_l_12.jpg","author":"金丘","publister":"长江文艺出版社","publist_time":"2016-08-30","link":"http://product.dangdang.com/24008325.html","price":"¥28.90"},{"title":"爸妈来自二次元2（签名版）","img":"http://img3x0.ddimg.cn/61/23/24036370-1_l_5.jpg","author":"rakugaki","publister":"黑龙江美术出版社","publist_time":"2016-09-01","link":"http://product.dangdang.com/24036370.html","price":"¥28.10"},{"title":"青瓷(呀呀古风女子插画集)","img":"http://img3x2.ddimg.cn/53/14/24032402-1_l_6.jpg","author":"呀呀","publister":"湖南美术出版社","publist_time":"2016-10-05","link":"http://product.dangdang.com/24032402.html","price":"¥37.40"},{"title":"温情漫画技法宝典-超人气美少女绘制技法 ","img":"http://img3x1.ddimg.cn/66/33/24026871-1_l_6.jpg","author":"王静","publister":"湖北美术出版社","publist_time":"2016-09-01","link":"http://product.dangdang.com/24026871.html","price":"¥25.10"},{"title":"超人气动画角色设计攻略：羽山淳一的现场绘画解说课","img":"http://img3x7.ddimg.cn/84/35/24022137-1_l_6.jpg","author":"[日] 羽山淳一 / 著 优莱柏 / 译","publister":"中国青年出版社","publist_time":"2016-09-01","link":"http://product.dangdang.com/24022137.html","price":"¥48.20"},{"title":"新手漫画教程  素描基础技法从入门到精通","img":"http://img3x3.ddimg.cn/79/5/24022033-1_l_6.jpg","author":"MCOO","publister":"人民邮电出版社","publist_time":"2016-08-01","link":"http://product.dangdang.com/24022033.html","price":"¥15.30"},{"title":"新手漫画教程  Q版素描技法从入门到精通","img":"http://img3x7.ddimg.cn/80/23/24019757-1_l_6.jpg","author":"MCOO","publister":"人民邮电出版社","publist_time":"2016-08-01","link":"http://product.dangdang.com/24019757.html","price":"¥15.30"},{"title":"合租男闺蜜（原名《同居男闺蜜》，快看APP超人气漫画，伟大的安妮...","img":"http://img3x8.ddimg.cn/72/12/24018858-1_l_5.jpg","author":"正月","publister":"现代出版社","publist_time":"2016-08-01","link":"http://product.dangdang.com/24018858.html","price":"¥26.50"},{"title":"优动漫PAINT漫画技法基础入门","img":"http://img3x9.ddimg.cn/18/27/24017319-1_l_6.jpg","author":"[日] 少年星期天编辑部 编，张敏 译","publister":"中国青年出版社","publist_time":"2016-09-01","link":"http://product.dangdang.com/24017319.html","price":"¥24.20"},{"title":"跳水王子爆米花3","img":"http://img3x1.ddimg.cn/45/3/24016851-1_l_6.jpg","author":"风弄 著，子虫 绘","publister":"上海人民美术出版社","publist_time":"2016-08-01","link":"http://product.dangdang.com/24016851.html","price":"¥23.00"},{"title":"百子柜.下","img":"http://img3x1.ddimg.cn/24/31/24016731-1_l_6.jpg","author":"Souji","publister":"中国致公出版社","publist_time":"2016-08-12","link":"http://product.dangdang.com/24016731.html","price":"¥22.40"},{"title":"精灵梦叶罗丽. 第3季仙境我们又回来了","img":"http://img3x3.ddimg.cn/31/5/24014263-1_l_6.jpg","author":"河北精英动漫文化传播股份有限公司著,北京北舟文化传媒有限公司编","publister":"河北科技出版社","publist_time":"2016-08-01","link":"http://product.dangdang.com/24014263.html","price":"¥12.30"},{"title":"精灵梦叶罗丽. 第3季水王子的秘密","img":"http://img3x2.ddimg.cn/30/4/24014262-1_l_6.jpg","author":"河北精英动漫文化传播股份有限公司著,北京北舟文化传媒有限公司编","publister":"河北科技出版社","publist_time":"2016-08-01","link":"http://product.dangdang.com/24014262.html","price":"¥12.30"},{"title":"精灵梦叶罗丽. 第3季封银沙的身世","img":"http://img3x0.ddimg.cn/28/2/24014260-1_l_5.jpg","author":"河北精英动漫文化传播股份有限公司著,北京北舟文化传媒有限公司编","publister":"河北科技出版社","publist_time":"2016-08-01","link":"http://product.dangdang.com/24014260.html","price":"¥12.30"},{"title":"几米绘本收集版平装套装（平装全四册）","img":"http://img3x7.ddimg.cn/85/3/24012337-1_l_5.jpg","author":"几米","publister":"现代出版社","publist_time":"2016-09-01","link":"http://product.dangdang.com/24012337.html","price":"¥150.70"},{"title":"神话怪物图鉴系列 第二辑（套装共3册）","img":"http://img3x1.ddimg.cn/60/2/24008451-1_l_9.jpg","author":"枣仙儿著，金艺晟 绘","publister":"北京联合出版公司","publist_time":"2016-09-01","link":"http://product.dangdang.com/24008451.html","price":"¥64.40"},{"title":"神话怪物图鉴 九幽诸神卷","img":"http://img3x2.ddimg.cn/50/4/24008342-1_l_6.jpg","author":"枣仙儿著，金艺晟 绘","publister":"北京联合出版公司","publist_time":"2016-09-01","link":"http://product.dangdang.com/24008342.html","price":"¥21.50"},{"title":"白夜灵异事件簿4","img":"http://img3x6.ddimg.cn/23/35/24007226-1_l_5.jpg","author":"风魂","publister":"中国致公出版社","publist_time":"2016-07-26","link":"http://product.dangdang.com/24007226.html","price":"¥20.00"},{"title":"有间杂货铺2","img":"http://img3x3.ddimg.cn/24/15/24004653-1_l_6.jpg","author":"清明","publister":"中国致公出版社","publist_time":"2016-07-12","link":"http://product.dangdang.com/24004653.html","price":"¥23.10"},{"title":"大英国小宇宙","img":"http://img3x3.ddimg.cn/44/25/24001703-1_l_5.jpg","author":"大鲸，扫把","publister":"重庆出版社","publist_time":"2016-07-15","link":"http://product.dangdang.com/24001703.html","price":"¥39.20"},{"title":"超级花生逗讲冷笑话4","img":"http://img3x7.ddimg.cn/77/35/24046187-1_l_3.jpg","author":"超级花生逗","publister":"江苏文艺出版社","publist_time":"2016-11-01","link":"http://product.dangdang.com/24046187.html","price":"¥18.00"},{"title":"ALL KNOWS.1:《全职高手》官方设定集 ","img":"http://img3x2.ddimg.cn/59/14/24037952-1_l_3.jpg","author":"蝴蝶蓝","publister":"新世纪出版社","publist_time":"2016-10-25","link":"http://product.dangdang.com/24037952.html","price":"¥54.40"},{"title":"刀剑乱舞绚烂图录（刀剑乱舞官方设定画集）","img":"http://img3x0.ddimg.cn/6/19/24036810-1_l_6.jpg","author":"Nitroplus编","publister":"浙江人民美术出版社","publist_time":"2016-10-12","link":"http://product.dangdang.com/24036810.html","price":"¥49.00"},{"title":"勇者大冒险1","img":"http://img3x4.ddimg.cn/55/16/24032404-1_l_6.jpg","author":"肥鱼工作室","publister":"羊城晚报出版社","publist_time":"2016-10-05","link":"http://product.dangdang.com/24032404.html","price":"¥21.60"},{"title":"相爱的人会在一起（伟大的安妮主编，当当网独家附赠定制折纸存储...","img":"http://img3x8.ddimg.cn/20/27/24042368-1_l_6.jpg","author":"伟大的安妮主编","publister":"中国友谊出版公司","publist_time":"2016-10-01","link":"http://product.dangdang.com/24042368.html","price":"¥28.70"},{"title":"一个人住第几年？（高木直子最新绘本）","img":"http://img3x7.ddimg.cn/28/7/24030397-1_l_2.jpg","author":"高木直子","publister":"百花洲文艺出版社","publist_time":"2016-09-30","link":"http://product.dangdang.com/24030397.html","price":"¥21.60"},{"title":"亲爱的，永远少女吧","img":"http://img3x7.ddimg.cn/15/2/24029097-1_l_5.jpg","author":"李淡淡 著；绘","publister":"江苏文艺出版社","publist_time":"2016-10-01","link":"http://product.dangdang.com/24029097.html","price":"¥44.60"},{"title":"快把我哥带走.2（预售期间下单即可获得作者 幽・灵 亲笔签名。超...","img":"http://img3x3.ddimg.cn/93/34/24015513-1_l_4.jpg","author":"幽・灵","publister":"中国友谊出版公司","publist_time":"2016-09-01","link":"http://product.dangdang.com/24015513.html","price":"¥28.30"},{"title":"盗墓笔记cosplay集：云顶天宫","img":"http://img3x3.ddimg.cn/96/24/24033633-1_l_12.jpg","author":"南派三叔，304文化","publister":"浙江文艺出版社","publist_time":"2016-09-20","link":"http://product.dangdang.com/24033633.html","price":"¥38.20"},{"title":"斗罗大陆3龙王传说1（漫画版） 唐家三少","img":"http://img3x7.ddimg.cn/50/30/24019727-1_l_5.jpg","author":"原著 唐家三少，编绘 Dr.大吉&Bart.D","publister":"浙江人民美术出版社","publist_time":"2016-08-25","link":"http://product.dangdang.com/24019727.html","price":"¥13.00"},{"title":"半面维纳斯（BENJAMIN本杰明新作，当当专享签名版，赠送套装明信...","img":"http://img3x2.ddimg.cn/44/1/24027542-1_l_27.jpg","author":"BENJAMIN","publister":"江苏文艺出版社","publist_time":"2016-09-01","link":"http://product.dangdang.com/24027542.html","price":"¥67.60"},{"title":"哑舍・四季歌","img":"http://img3x6.ddimg.cn/83/30/24006296-1_l_6.jpg","author":"晓泊，玄色","publister":"长江文艺出版社","publist_time":"2016-07-22","link":"http://product.dangdang.com/24006296.html","price":"¥29.10"},{"title":"大鱼海棠：纪念大画集","img":"http://img3x8.ddimg.cn/26/8/24009308-1_l_2.jpg","author":"彼岸天","publister":"百花洲文艺出版社","publist_time":"2016-07-01","link":"http://product.dangdang.com/24009308.html","price":"¥62.00"},{"title":"Re：从零开始的异世界生活 1","img":"http://img3x9.ddimg.cn/93/25/24023829-1_l_5.jpg","author":"长月达平（日）","publister":"台海出版社","publist_time":"2016-09-08","link":"http://product.dangdang.com/24023829.html","price":"¥20.20"},{"title":"有狐:给我来个小和尚（当当专供）","img":"http://img3x3.ddimg.cn/30/35/24016143-1_l_12.jpg","author":"郭斯特","publister":"中国友谊出版公司","publist_time":"2016-08-01","link":"http://product.dangdang.com/24016143.html","price":"¥31.80"},{"title":"我家大师兄脑子有坑（收录全新番外，作者亲自排版单行本，新增40...","img":"http://img3x2.ddimg.cn/5/5/24025622-1_l_12.jpg","author":"凌宇沫","publister":"江西美术出版社","publist_time":"2016-09-01","link":"http://product.dangdang.com/24025622.html","price":"¥32.10"},{"title":"零分偶像（预售期间下单即可获得作者青庭签名，伟大的安妮监制，...","img":"http://img3x0.ddimg.cn/56/31/24032900-1_l_6.jpg","author":"青庭","publister":"中国友谊出版公司","publist_time":"2016-10-01","link":"http://product.dangdang.com/24032900.html","price":"¥28.70"},{"title":"整容游戏","img":"http://img3x5.ddimg.cn/33/24/24008325-1_l_12.jpg","author":"金丘","publister":"长江文艺出版社","publist_time":"2016-08-30","link":"http://product.dangdang.com/24008325.html","price":"¥28.90"},{"title":"白夜灵异事件簿4","img":"http://img3x6.ddimg.cn/23/35/24007226-1_l_5.jpg","author":"风魂","publister":"中国致公出版社","publist_time":"2016-07-26","link":"http://product.dangdang.com/24007226.html","price":"¥20.00"},{"title":"飞鱼","img":"http://img3x1.ddimg.cn/68/22/24034001-1_l_1.jpg","author":"斯琴图","publister":"台海出版社","publist_time":"2016-10-01","link":"http://product.dangdang.com/24034001.html","price":"¥36.00"},{"title":"你好，旧时光（漫画版2）","img":"http://img3x9.ddimg.cn/58/0/24008449-1_l_6.jpg","author":"八月长安 原著，golo 编绘","publister":"长江文艺出版社","publist_time":"2016-08-30","link":"http://product.dangdang.com/24008449.html","price":"¥28.50"},{"title":"一日男友（伟大的安妮监制，点击量超过三亿的爱情体验手册，当当...","img":"http://img3x4.ddimg.cn/36/23/24036444-1_l_10.jpg","author":"阿良叔叔","publister":"北京联合出版公司","publist_time":"2016-10-01","link":"http://product.dangdang.com/24036444.html","price":"¥38.90"},{"title":"吾皇巴扎黑笔记本：对我有意见？憋着（就喜欢你看不惯我又干不掉...","img":"http://img3x3.ddimg.cn/1/30/24012253-1_l_6.jpg","author":"白茶","publister":"湖南美术出版社","publist_time":"2016-08-25","link":"http://product.dangdang.com/24012253.html","price":"¥29.80"},{"title":"龙与地下室","img":"http://img3x0.ddimg.cn/76/23/24031930-1_l_10.jpg","author":"小流士&脱马斯","publister":"中国友谊出版公司","publist_time":"2016-09-01","link":"http://product.dangdang.com/24031930.html","price":"¥27.40"},{"title":"相爱的人会在一起（伟大的安妮主编，当当网独家附赠定制折纸存储...","img":"http://img3x8.ddimg.cn/20/27/24042368-1_l_6.jpg","author":"伟大的安妮主编","publister":"中国友谊出版公司","publist_time":"2016-10-01","link":"http://product.dangdang.com/24042368.html","price":"¥28.70"},{"title":"一个人住第几年？（高木直子最新绘本）","img":"http://img3x7.ddimg.cn/28/7/24030397-1_l_2.jpg","author":"高木直子","publister":"百花洲文艺出版社","publist_time":"2016-09-30","link":"http://product.dangdang.com/24030397.html","price":"¥21.60"},{"title":"亲爱的，永远少女吧","img":"http://img3x7.ddimg.cn/15/2/24029097-1_l_5.jpg","author":"李淡淡 著；绘","publister":"江苏文艺出版社","publist_time":"2016-10-01","link":"http://product.dangdang.com/24029097.html","price":"¥44.60"},{"title":"快把我哥带走.2（预售期间下单即可获得作者 幽・灵 亲笔签名。超...","img":"http://img3x3.ddimg.cn/93/34/24015513-1_l_4.jpg","author":"幽・灵","publister":"中国友谊出版公司","publist_time":"2016-09-01","link":"http://product.dangdang.com/24015513.html","price":"¥28.30"},{"title":"盗墓笔记cosplay集：云顶天宫","img":"http://img3x3.ddimg.cn/96/24/24033633-1_l_12.jpg","author":"南派三叔，304文化","publister":"浙江文艺出版社","publist_time":"2016-09-20","link":"http://product.dangdang.com/24033633.html","price":"¥38.20"},{"title":"斗罗大陆3龙王传说1（漫画版） 唐家三少","img":"http://img3x7.ddimg.cn/50/30/24019727-1_l_5.jpg","author":"原著 唐家三少，编绘 Dr.大吉&Bart.D","publister":"浙江人民美术出版社","publist_time":"2016-08-25","link":"http://product.dangdang.com/24019727.html","price":"¥13.00"},{"title":"半面维纳斯（BENJAMIN本杰明新作，当当专享签名版，赠送套装明信...","img":"http://img3x2.ddimg.cn/44/1/24027542-1_l_27.jpg","author":"BENJAMIN","publister":"江苏文艺出版社","publist_time":"2016-09-01","link":"http://product.dangdang.com/24027542.html","price":"¥67.60"},{"title":"哑舍・四季歌","img":"http://img3x6.ddimg.cn/83/30/24006296-1_l_6.jpg","author":"晓泊，玄色","publister":"长江文艺出版社","publist_time":"2016-07-22","link":"http://product.dangdang.com/24006296.html","price":"¥29.10"},{"title":"大鱼海棠：纪念大画集","img":"http://img3x8.ddimg.cn/26/8/24009308-1_l_2.jpg","author":"彼岸天","publister":"百花洲文艺出版社","publist_time":"2016-07-01","link":"http://product.dangdang.com/24009308.html","price":"¥62.00"},{"title":"Re：从零开始的异世界生活 1","img":"http://img3x9.ddimg.cn/93/25/24023829-1_l_5.jpg","author":"长月达平（日）","publister":"台海出版社","publist_time":"2016-09-08","link":"http://product.dangdang.com/24023829.html","price":"¥20.20"},{"title":"有狐:给我来个小和尚（当当专供）","img":"http://img3x3.ddimg.cn/30/35/24016143-1_l_12.jpg","author":"郭斯特","publister":"中国友谊出版公司","publist_time":"2016-08-01","link":"http://product.dangdang.com/24016143.html","price":"¥31.80"},{"title":"我家大师兄脑子有坑（收录全新番外，作者亲自排版单行本，新增40...","img":"http://img3x2.ddimg.cn/5/5/24025622-1_l_12.jpg","author":"凌宇沫","publister":"江西美术出版社","publist_time":"2016-09-01","link":"http://product.dangdang.com/24025622.html","price":"¥32.10"},{"title":"零分偶像（预售期间下单即可获得作者青庭签名，伟大的安妮监制，...","img":"http://img3x0.ddimg.cn/56/31/24032900-1_l_6.jpg","author":"青庭","publister":"中国友谊出版公司","publist_time":"2016-10-01","link":"http://product.dangdang.com/24032900.html","price":"¥28.70"},{"title":"整容游戏","img":"http://img3x5.ddimg.cn/33/24/24008325-1_l_12.jpg","author":"金丘","publister":"长江文艺出版社","publist_time":"2016-08-30","link":"http://product.dangdang.com/24008325.html","price":"¥28.90"},{"title":"白夜灵异事件簿4","img":"http://img3x6.ddimg.cn/23/35/24007226-1_l_5.jpg","author":"风魂","publister":"中国致公出版社","publist_time":"2016-07-26","link":"http://product.dangdang.com/24007226.html","price":"¥20.00"},{"title":"飞鱼","img":"http://img3x1.ddimg.cn/68/22/24034001-1_l_1.jpg","author":"斯琴图","publister":"台海出版社","publist_time":"2016-10-01","link":"http://product.dangdang.com/24034001.html","price":"¥36.00"},{"title":"你好，旧时光（漫画版2）","img":"http://img3x9.ddimg.cn/58/0/24008449-1_l_6.jpg","author":"八月长安 原著，golo 编绘","publister":"长江文艺出版社","publist_time":"2016-08-30","link":"http://product.dangdang.com/24008449.html","price":"¥28.50"},{"title":"一日男友（伟大的安妮监制，点击量超过三亿的爱情体验手册，当当...","img":"http://img3x4.ddimg.cn/36/23/24036444-1_l_10.jpg","author":"阿良叔叔","publister":"北京联合出版公司","publist_time":"2016-10-01","link":"http://product.dangdang.com/24036444.html","price":"¥38.90"},{"title":"吾皇巴扎黑笔记本：对我有意见？憋着（就喜欢你看不惯我又干不掉...","img":"http://img3x3.ddimg.cn/1/30/24012253-1_l_6.jpg","author":"白茶","publister":"湖南美术出版社","publist_time":"2016-08-25","link":"http://product.dangdang.com/24012253.html","price":"¥29.80"},{"title":"龙与地下室","img":"http://img3x0.ddimg.cn/76/23/24031930-1_l_10.jpg","author":"小流士&脱马斯","publister":"中国友谊出版公司","publist_time":"2016-09-01","link":"http://product.dangdang.com/24031930.html","price":"¥27.40"}]