[{"title":"原来你是这样的宋朝（袁腾飞作长序力荐）","img":"http://img3x5.ddimg.cn/24/35/24025245-1_l_4.jpg","author":"吴钩 著","publister":"长江文艺出版社","publist_time":"2016-09-01","link":"http://product.dangdang.com/24025245.html","price":"¥27.40"},{"title":"中国历史研究手册（全三册）","img":"http://img3x6.ddimg.cn/60/22/24032706-1_l_6.jpg","author":"(英)魏根深,Endymion Wilkinson","publister":"北京大学出版社","publist_time":"2016-09-18","link":"http://product.dangdang.com/24032706.html","price":"¥150.40"},{"title":"人类砍头小史","img":"http://img3x9.ddimg.cn/27/3/24022179-1_l_5.jpg","author":"[英]弗朗西斯・拉尔森（Frances,Larson） 著，秦传安  译;","publister":"海南出版社","publist_time":"2016-08-01","link":"http://product.dangdang.com/24022179.html","price":"¥34.40¥6.99"},{"title":"至简中国史：大数据讲述中国大历史","img":"http://img3x5.ddimg.cn/96/12/24037395-1_l_3.jpg","author":"弘亿","publister":"中国法制出版社","publist_time":"2016-10-01","link":"http://product.dangdang.com/24037395.html","price":"¥27.50"},{"title":"易中天中华史 第十七卷：大宋革新（易中天中华史最新卷，讲述不同...","img":"http://img3x3.ddimg.cn/46/35/24018733-1_l_5.jpg","author":"易中天","publister":"浙江文艺出版社","publist_time":"2016-09-06","link":"http://product.dangdang.com/24018733.html","price":"¥28.50"},{"title":"丝绸之路：一部全新的世界史（两千年来始终主宰人类文明的世界十...","img":"http://img3x0.ddimg.cn/32/5/24017630-1_l_6.jpg","author":"（英）彼得.弗兰科潘 (Peter Frankopan)","publister":"浙江大学出版社","publist_time":"2016-08-17","link":"http://product.dangdang.com/24017630.html","price":"¥87.70"},{"title":"不含传说的普鲁士","img":"http://img3x1.ddimg.cn/94/19/24021751-1_l_5.jpg","author":"(德)塞巴斯提安・哈夫纳","publister":"北京大学出版社","publist_time":"2016-08-30","link":"http://product.dangdang.com/24021751.html","price":"¥36.00"},{"title":"另一个世界――中国记忆1961-1962（林西莉著）","img":"http://img3x3.ddimg.cn/63/25/24025383-1_l_5.jpg","author":"（瑞典）林西莉 著、李之义 译","publister":"中华书局","publist_time":"2016-09-01","link":"http://product.dangdang.com/24025383.html","price":"¥62.30"},{"title":"第二次世界大战","img":"http://img3x5.ddimg.cn/37/5/24034465-1_l_6.jpg","author":"【英】康纳德?萨莫维尔， 伊恩?怀斯特威尔 著；尚亚宁 译","publister":"万卷出版公司","publist_time":"2016-09-01","link":"http://product.dangdang.com/24034465.html","price":"¥27.50"},{"title":"冷月孤灯 静远楼读史","img":"http://img3x6.ddimg.cn/1/23/24024826-1_l_2.jpg","author":"唐浩明","publister":"广东人民出版社","publist_time":"2016-09-01","link":"http://product.dangdang.com/24024826.html","price":"¥40.30"},{"title":"老照片（第108辑）","img":"http://img3x3.ddimg.cn/66/32/24037563-1_l_6.jpg","author":"冯克力","publister":"山东画报出版社","publist_time":"2016-08-01","link":"http://product.dangdang.com/24037563.html","price":"¥15.00"},{"title":"一个人的世界史  签章版","img":"http://img3x1.ddimg.cn/62/31/24027461-1_l_6.jpg","author":"余世存","publister":"广东人民出版社","publist_time":"2016-07-01","link":"http://product.dangdang.com/24027461.html","price":"¥33.80"},{"title":"中国通史（经典收藏版）史学大师写给普通读者的国史入门书，与钱...","img":"http://img3x1.ddimg.cn/56/23/23953601-1_l_6.jpg","author":"吕思勉","publister":"中国华侨出版社","publist_time":"2016-06-01","link":"http://product.dangdang.com/23953601.html","price":"¥24.70"},{"title":"北上：党中央与张国焘斗争始末","img":"http://img3x5.ddimg.cn/63/13/24029145-1_l_4.jpg","author":"刘统","publister":"生活.读书.新知三联书店","publist_time":"2016-09-01","link":"http://product.dangdang.com/24029145.html","price":"¥47.20"},{"title":"殊方未远：古代中国的疆域、民族与认同","img":"http://img3x3.ddimg.cn/11/32/24017213-1_l_5.jpg","author":"葛兆光、徐文堪、汪荣祖、姚大力 等著；《东方早报?上海书评》编辑部 编","publister":"中华书局","publist_time":"2016-08-01","link":"http://product.dangdang.com/24017213.html","price":"¥53.30"},{"title":"说天国：从杨秀清到李秀成","img":"http://img3x4.ddimg.cn/24/4/24023364-1_l_2.jpg","author":"陶短房　著","publister":"中华书局","publist_time":"2016-06-01","link":"http://product.dangdang.com/24023364.html","price":"¥36.90"},{"title":"王朝的家底：从经济学角度看中国历史","img":"http://img3x8.ddimg.cn/34/32/24014068-1_l_6.jpg","author":"波音","publister":"群言出版社","publist_time":"2016-08-01","link":"http://product.dangdang.com/24014068.html","price":"¥23.80"},{"title":"纵乐的困惑: 明代的商业与文化","img":"http://img3x1.ddimg.cn/58/12/24033991-1_l_4.jpg","author":"[加] 卜正民","publister":"广西师范大学出版社","publist_time":"2016-10-01","link":"http://product.dangdang.com/24033991.html","price":"¥38.90"},{"title":"说天国：从石达开到陈玉成","img":"http://img3x3.ddimg.cn/23/3/24023363-1_l_2.jpg","author":"陶短房　著","publister":"中华书局","publist_time":"2016-06-01","link":"http://product.dangdang.com/24023363.html","price":"¥34.40"},{"title":"说天国：洪秀全真相","img":"http://img3x2.ddimg.cn/22/2/24023362-1_l_1.jpg","author":"陶短房　著","publister":"中华书局","publist_time":"2016-06-01","link":"http://product.dangdang.com/24023362.html","price":"¥36.90"},{"title":"犹太人的故事:寻找失落的字符","img":"http://img3x3.ddimg.cn/19/19/24021973-1_l_12.jpg","author":"[英]西门・沙马（SIMON SCHAMA) 著  黄福武 黄梦初  译","publister":"化学工业出版社","publist_time":"2016-08-01","link":"http://product.dangdang.com/24021973.html","price":"¥48.20¥19.96"},{"title":"谁在收藏中国：美国猎获亚洲艺术珍宝百年记","img":"http://img3x3.ddimg.cn/68/24/24019943-1_l_6.jpg","author":"【美】谢林・布里萨克、卡尔・梅耶 著；张建新、张紫微 译","publister":"中信出版社","publist_time":"2016-09-14","link":"http://product.dangdang.com/24019943.html","price":"¥51.00"},{"title":"老漫画中的世界史Ⅰ：六国崛起（17-19世纪）","img":"http://img3x4.ddimg.cn/8/31/24017804-1_l_4.jpg","author":"吴广伦","publister":"东方出版中心","publist_time":"2016-08-25","link":"http://product.dangdang.com/24017804.html","price":"¥32.10"},{"title":"军机处二百年","img":"http://img3x5.ddimg.cn/37/12/24025555-1_l_6.jpg","author":"袁灿兴","publister":"华中科技大学出版社","publist_time":"2016-09-01","link":"http://product.dangdang.com/24025555.html","price":"¥34.60"},{"title":"自由与荣光：一段不为人知的美国秘史","img":"http://img3x2.ddimg.cn/42/3/24021402-1_l_6.jpg","author":"（美）黛安?凯里（Diane Carey）","publister":"北京联合出版公司","publist_time":"2016-08-01","link":"http://product.dangdang.com/24021402.html","price":"¥35.90"},{"title":"欧洲王室另类史","img":"http://img3x0.ddimg.cn/73/24/24014800-1_l_5.jpg","author":"（美）法夸尔　著，康怡　译","publister":"生活.读书.新知三联书店","publist_time":"2016-08-01","link":"http://product.dangdang.com/24014800.html","price":"¥30.40"},{"title":"古拉格之恋：一个爱情与求生的真实故事（理想国译丛015）","img":"http://img3x0.ddimg.cn/97/18/24013240-1_l_6.jpg","author":"[英] 奥兰多・费吉斯","publister":"广西师范大学出版社","publist_time":"2016-08-01","link":"http://product.dangdang.com/24013240.html","price":"¥48.00"},{"title":"中国近代史(中国近代史的开山之作，公认的中国近代外交史专家和这...","img":"http://img3x5.ddimg.cn/59/9/23838665-1_l_6.jpg","author":"蒋廷黻","publister":"中国华侨出版社","publist_time":"2016-01-01","link":"http://product.dangdang.com/23838665.html","price":"¥21.00¥7.00"},{"title":"中国经学史大纲","img":"http://img3x5.ddimg.cn/59/21/24032705-1_l_6.jpg","author":"叶纯芳","publister":"北京大学出版社","publist_time":"2016-09-18","link":"http://product.dangdang.com/24032705.html","price":"¥62.40"},{"title":"重读日本战后史","img":"http://img3x7.ddimg.cn/58/1/24034387-1_l_2.jpg","author":"福井绅一","publister":"生活.读书.新知三联书店","publist_time":"2016-08-01","link":"http://product.dangdang.com/24034387.html","price":"¥30.40"},{"title":"哈佛中国史：精装套装版(全6册)","img":"http://img3x8.ddimg.cn/54/1/24031908-1_l_3.jpg","author":"[加]卜正民 [美]陆威仪 [德]迪特?库恩 [美]罗威廉 著；潘玮琳 等 译","publister":"中信出版社","publist_time":"2016-10-13","link":"http://product.dangdang.com/24031908.html","price":"¥318.20"},{"title":"犹太人千年史","img":"http://img3x9.ddimg.cn/3/27/24021759-1_l_5.jpg","author":"张倩红，张少华","publister":"北京大学出版社","publist_time":"2016-08-30","link":"http://product.dangdang.com/24021759.html","price":"¥30.40"},{"title":"八旗狂飙――明清百年战争史","img":"http://img3x6.ddimg.cn/89/0/24039566-1_l_3.jpg","author":"顾晓绿 郭强","publister":"团结出版社","publist_time":"2016-09-01","link":"http://product.dangdang.com/24039566.html","price":"¥24.80"},{"title":"动物改变世界：海狸、毛皮贸易与北美开发","img":"http://img3x5.ddimg.cn/98/23/24021755-1_l_6.jpg","author":"付成双","publister":"北京大学出版社","publist_time":"2016-08-30","link":"http://product.dangdang.com/24021755.html","price":"¥28.80"},{"title":"胡马阴山――汉匈五百年战争史","img":"http://img3x0.ddimg.cn/93/4/24039570-1_l_3.jpg","author":"顾晓绿","publister":"团结出版社","publist_time":"2016-09-01","link":"http://product.dangdang.com/24039570.html","price":"¥22.10"},{"title":"大漠烽烟――唐帝国战争史","img":"http://img3x8.ddimg.cn/91/2/24039568-1_l_2.jpg","author":"顾晓绿、赵恺","publister":"团结出版社","publist_time":"2016-09-01","link":"http://product.dangdang.com/24039568.html","price":"¥26.20"},{"title":"最后的大队：蒋介石与日本军人","img":"http://img3x4.ddimg.cn/0/4/24037794-1_l_1.jpg","author":"野岛刚（Nojima Tsuyoshi）；芦荻","publister":"社会科学文献出版社","publist_time":"2016-10-01","link":"http://product.dangdang.com/24037794.html","price":"¥43.50"},{"title":"《资治通鉴》与家国兴衰","img":"http://img3x5.ddimg.cn/25/5/24023365-1_l_2.jpg","author":"张国刚　著","publister":"中华书局","publist_time":"2016-08-01","link":"http://product.dangdang.com/24023365.html","price":"¥39.40"},{"title":"奥斯维辛：一部历史（理想国译丛017）","img":"http://img3x7.ddimg.cn/58/7/24021517-1_l_5.jpg","author":"劳伦斯・里斯","publister":"广西师范大学出版社","publist_time":"2016-09-01","link":"http://product.dangdang.com/24021517.html","price":"¥48.00"},{"title":"苏格兰：现代世界文明的起点","img":"http://img3x0.ddimg.cn/58/24/24019240-1_l_1.jpg","author":"〔美〕阿瑟・赫尔曼  著 启蒙编译所  译","publister":"上海社会科学院出版社","publist_time":"2016-08-01","link":"http://product.dangdang.com/24019240.html","price":"¥71.80"},{"title":"明朝历史的教训","img":"http://img3x3.ddimg.cn/73/5/24016483-1_l_5.jpg","author":"吴晗","publister":"台海出版社","publist_time":"2016-08-01","link":"http://product.dangdang.com/24016483.html","price":"¥23.40"},{"title":"两岸新编中国近代史・晚清卷（全2册）","img":"http://img3x1.ddimg.cn/16/5/24040681-1_l_2.jpg","author":"王建朗 黄克武","publister":"社会科学文献出版社","publist_time":"2016-10-01","link":"http://product.dangdang.com/24040681.html","price":"¥201.00"},{"title":"从古代到封建主义的过渡","img":"http://img3x1.ddimg.cn/63/2/24029541-1_l_6.jpg","author":"[英]佩里・安德森 著  郭方 刘健 译","publister":"上海人民出版社","publist_time":"2016-08-01","link":"http://product.dangdang.com/24029541.html","price":"¥38.40"},{"title":"古钱极品（中国钱币丛书乙种本）","img":"http://img3x7.ddimg.cn/37/17/24023377-1_l_7.jpg","author":"霍宏伟","publister":"中华书局","publist_time":"2016-07-01","link":"http://product.dangdang.com/24023377.html","price":"¥41.70"},{"title":"三国谜案","img":"http://img3x6.ddimg.cn/15/15/24018306-1_l_5.jpg","author":"辣笔小球","publister":"二十一世纪出版社","publist_time":"2016-08-01","link":"http://product.dangdang.com/24018306.html","price":"¥21.90"},{"title":"唐宋时期地方政治制度变迁史","img":"http://img3x3.ddimg.cn/16/14/24017713-1_l_2.jpg","author":"贾玉英　著","publister":"人民出版社","publist_time":"2016-08-01","link":"http://product.dangdang.com/24017713.html","price":"¥41.70"},{"title":"豆腐与威士忌：日本的过去、未来及其他","img":"http://img3x3.ddimg.cn/43/30/24014473-1_l_2.jpg","author":"（日）野岛刚　著","publister":"上海译文出版社","publist_time":"2016-08-01","link":"http://product.dangdang.com/24014473.html","price":"¥28.00"},{"title":"大家小书  中国史学入门（精装本）","img":"http://img3x7.ddimg.cn/64/13/24014197-1_l_5.jpg","author":"顾颉刚","publister":"北京出版社","publist_time":"2016-08-01","link":"http://product.dangdang.com/24014197.html","price":"¥30.40"},{"title":"千古一帝秦始皇（上下全2册）","img":"http://img3x8.ddimg.cn/33/4/24006048-1_l_6.jpg","author":"王立群","publister":"大象出版社","publist_time":"2016-07-31","link":"http://product.dangdang.com/24006048.html","price":"¥52.00"},{"title":"历史不糊涂","img":"http://img3x2.ddimg.cn/38/15/24004172-1_l_12.jpg","author":"李拯 著；曹一 漫画","publister":"中信出版社","publist_time":"2016-08-15","link":"http://product.dangdang.com/24004172.html","price":"¥39.20"},{"title":"在历史中寻找中国――关于区域史研究认识论的对话","img":"http://img3x8.ddimg.cn/86/11/24040058-1_l_2.jpg","author":"刘志伟  孙歌","publister":"东方出版中心","publist_time":"2016-09-26","link":"http://product.dangdang.com/24040058.html","price":"¥22.50"},{"title":"纵横塞北――元末乱世和明帝国的崛起","img":"http://img3x1.ddimg.cn/94/5/24039571-1_l_2.jpg","author":"赵恺、顾晓绿","publister":"团结出版社","publist_time":"2016-09-01","link":"http://product.dangdang.com/24039571.html","price":"¥22.10"},{"title":"东海博弈――明帝国与日本的三百年战史","img":"http://img3x9.ddimg.cn/92/3/24039569-1_l_3.jpg","author":"赵恺","publister":"团结出版社","publist_time":"2016-09-01","link":"http://product.dangdang.com/24039569.html","price":"¥24.80"},{"title":"神与兽的纹样学：中国古代诸神","img":"http://img3x7.ddimg.cn/65/8/24038057-1_l.jpg","author":"","publister":"生活.读书.新知三联书店","publist_time":"","link":"http://product.dangdang.com/24038057.html","price":"¥35.20"},{"title":"大留学潮：记动荡时代的逐梦青春","img":"http://img3x6.ddimg.cn/19/3/24035536-1_l_4.jpg","author":"张倩仪","publister":"北京联合出版公司","publist_time":"2016-09-01","link":"http://product.dangdang.com/24035536.html","price":"¥45.00"},{"title":"一起去看宋朝的活色生香","img":"http://img3x2.ddimg.cn/62/17/24034292-1_l_5.jpg","author":"陈华胜","publister":"新世界出版社","publist_time":"2016-09-20","link":"http://product.dangdang.com/24034292.html","price":"¥21.60"},{"title":"中国上古史导论","img":"http://img3x5.ddimg.cn/42/5/24032985-1_l_3.jpg","author":"杨宽  著","publister":"上海人民出版社","publist_time":"2016-07-01","link":"http://product.dangdang.com/24032985.html","price":"¥38.40"},{"title":"先秦戎族研究","img":"http://img3x2.ddimg.cn/25/35/24028612-1_l_5.jpg","author":"姚磊","publister":"武汉大学出版社","publist_time":"2016-08-01","link":"http://product.dangdang.com/24028612.html","price":"¥50.70"},{"title":"弱宋――造极之世","img":"http://img3x3.ddimg.cn/31/27/24028123-1_l_5.jpg","author":"陈胜利","publister":"清华大学出版社","publist_time":"2016-08-01","link":"http://product.dangdang.com/24028123.html","price":"¥36.80"},{"title":"重新发现土耳其","img":"http://img3x4.ddimg.cn/29/24/24027824-1_l_6.jpg","author":"昝涛，易鹏，李玲飞 等著","publister":"西南财经大学出版社","publist_time":"2016-09-01","link":"http://product.dangdang.com/24027824.html","price":"¥27.20"},{"title":"后现代史学理论读本","img":"http://img3x0.ddimg.cn/93/1/24027690-1_l_5.jpg","author":"彭刚","publister":"北京大学出版社","publist_time":"2016-09-05","link":"http://product.dangdang.com/24027690.html","price":"¥39.20"},{"title":"大逃港","img":"http://img3x1.ddimg.cn/95/18/24024821-1_l_4.jpg","author":"陈秉安","publister":"广东人民出版社","publist_time":"2016-09-01","link":"http://product.dangdang.com/24024821.html","price":"¥36.00"},{"title":"魏晋南北朝史十二讲（大家讲史・典藏本）","img":"http://img3x9.ddimg.cn/29/9/24023369-1_l_1.jpg","author":"周一良　著","publister":"中华书局","publist_time":"2016-05-01","link":"http://product.dangdang.com/24023369.html","price":"¥36.90"},{"title":"名家讲《史记》（插图本）","img":"http://img3x7.ddimg.cn/27/7/24023367-1_l_8.jpg","author":"《文史知识》编辑部　编","publister":"中华书局","publist_time":"2016-07-01","link":"http://product.dangdang.com/24023367.html","price":"¥21.30"},{"title":"1491：前哥伦布时代美洲启示录","img":"http://img3x6.ddimg.cn/40/8/24019816-1_l_6.jpg","author":"[美]查尔斯?曼恩（Charles C.Mann） 著；胡亦南 译","publister":"中信出版社","publist_time":"2016-09-07","link":"http://product.dangdang.com/24019816.html","price":"¥51.80"},{"title":"1493：物种大交换开创的世界史","img":"http://img3x4.ddimg.cn/76/12/24017674-1_l_5.jpg","author":"[美]查尔斯?曼恩（Charles C.Mann） 著；朱菲 王原 房小捷 李正行 译","publister":"中信出版社","publist_time":"2016-09-13","link":"http://product.dangdang.com/24017674.html","price":"¥59.30"},{"title":"农耕档案：1949-1979东莞农耕史实","img":"http://img3x1.ddimg.cn/97/3/24016111-1_l_5.jpg","author":"刘松泰","publister":"中山大学出版社","publist_time":"2016-08-31","link":"http://product.dangdang.com/24016111.html","price":"¥159.80"},{"title":"从典籍中汲取智慧","img":"http://img3x6.ddimg.cn/42/12/24013086-1_l_4.jpg","author":"国家图书馆 国家古籍保护中心","publister":"国家图书馆出版社","publist_time":"2016-07-14","link":"http://product.dangdang.com/24013086.html","price":"¥221.00"},{"title":"中国历史纪年表","img":"http://img3x3.ddimg.cn/44/36/24008633-1_l_2.jpg","author":"万国鼎 编、万斯年，陈梦家 补订","publister":"中华书局","publist_time":"1978-11-01","link":"http://product.dangdang.com/24008633.html","price":"¥16.20"},{"title":"苍狼逐鹿――蒙宋百年战争史","img":"http://img3x7.ddimg.cn/90/1/24039567-1_l_3.jpg","author":"赵恺 郭强","publister":"团结出版社","publist_time":"2016-09-01","link":"http://product.dangdang.com/24039567.html","price":"¥27.60"},{"title":"美国革命读本","img":"http://img3x0.ddimg.cn/75/8/24038760-1_l_1.jpg","author":"盛嘉","publister":"北京大学出版社","publist_time":"2016-09-01","link":"http://product.dangdang.com/24038760.html","price":"¥49.60"},{"title":"大争之世：战国","img":"http://img3x7.ddimg.cn/89/30/24037487-1_l_5.jpg","author":"孙皓晖","publister":"中信出版社","publist_time":"2016-09-30","link":"http://product.dangdang.com/24037487.html","price":"¥31.50"},{"title":"苦海求生","img":"http://img3x1.ddimg.cn/34/18/24035551-1_l_2.jpg","author":"美）萧邦齐（R. Keith Schoppa）","publister":"山西人民出版社发行部","publist_time":"2016-09-01","link":"http://product.dangdang.com/24035551.html","price":"¥40.30"},{"title":"“小人”的轨迹：“阉党”与晚明政治","img":"http://img3x7.ddimg.cn/43/0/24034867-1_l_1.jpg","author":"阳正伟　著","publister":"中国社会科学出版社","publist_time":"2016-08-01","link":"http://product.dangdang.com/24034867.html","price":"¥52.00"},{"title":"大清皇陵探奇（修订版）","img":"http://img3x3.ddimg.cn/56/12/24034583-1_l_5.jpg","author":"徐广源","publister":"沈阳出版社","publist_time":"2016-09-01","link":"http://product.dangdang.com/24034583.html","price":"¥28.70"},{"title":"战国史","img":"http://img3x0.ddimg.cn/37/0/24032980-1_l_2.jpg","author":"杨宽  著","publister":"上海人民出版社","publist_time":"2016-07-01","link":"http://product.dangdang.com/24032980.html","price":"¥78.40"},{"title":"文明的滴定：东西方的科学与社会(科学史译丛)","img":"http://img3x3.ddimg.cn/5/9/24030473-1_l_5.jpg","author":"[英]李约瑟 著，张卜天 译","publister":"商务印书馆","publist_time":"2016-08-01","link":"http://product.dangdang.com/24030473.html","price":"¥50.20"},{"title":"刘贺证史――海昏出土的西汉记忆","img":"http://img3x0.ddimg.cn/15/1/24028800-1_l.jpg","author":"","publister":"江西教育出版社","publist_time":"","link":"http://product.dangdang.com/24028800.html","price":"¥20.90"},{"title":"清代马政研究","img":"http://img3x9.ddimg.cn/22/32/24028609-1_l_4.jpg","author":"陈振国　著","publister":"吉林大学出版社","publist_time":"2016-07-01","link":"http://product.dangdang.com/24028609.html","price":"¥24.70"},{"title":"明史讲义（跟大师学国学・精装版）","img":"http://img3x0.ddimg.cn/92/12/24027590-1_l_1.jpg","author":"孟森　著","publister":"中华书局","publist_time":"2016-06-01","link":"http://product.dangdang.com/24027590.html","price":"¥23.00"},{"title":"史讳举例（跟大师学国学・精装版）","img":"http://img3x8.ddimg.cn/80/0/24027578-1_l_1.jpg","author":"陈垣　著","publister":"中华书局","publist_time":"2016-06-01","link":"http://product.dangdang.com/24027578.html","price":"¥23.00"},{"title":"一百个人的十年（精装本）","img":"http://img3x4.ddimg.cn/18/24/24023754-1_l_6.jpg","author":"冯骥才","publister":"文化艺术出版社","publist_time":"2016-06-01","link":"http://product.dangdang.com/24023754.html","price":"¥46.40"},{"title":"阿富汗史（东方・剑桥世界历史文库）","img":"http://img3x4.ddimg.cn/46/2/24023584-1_l_5.jpg","author":"沙伊斯塔?瓦哈卜 巴里?扬格曼","publister":"东方出版中心","publist_time":"2016-08-25","link":"http://product.dangdang.com/24023584.html","price":"¥43.50"},{"title":"旧制度与大革命 精装本 作家出版社重点出版 社科院荣誉学部委员张...","img":"http://img3x7.ddimg.cn/44/32/24022097-1_l_4.jpg","author":"［法］托克维尔","publister":"作家出版社","publist_time":"2016-09-01","link":"http://product.dangdang.com/24022097.html","price":"¥25.90"},{"title":"鹰旗飘落：拜占庭帝国的末日","img":"http://img3x0.ddimg.cn/4/28/24021760-1_l_5.jpg","author":"陈志强","publister":"北京大学出版社","publist_time":"2016-08-30","link":"http://product.dangdang.com/24021760.html","price":"¥28.00"},{"title":"在古老的土地上：一次抵达12世纪的埃及之旅","img":"http://img3x3.ddimg.cn/75/11/24017673-1_l_6.jpg","author":"［印] 阿米塔夫・高希  著；卢隽婷  译","publister":"中信出版社","publist_time":"2016-08-31","link":"http://product.dangdang.com/24017673.html","price":"¥38.40"},{"title":"晚清最后十八年3：从甲午战争到辛亥革命","img":"http://img3x4.ddimg.cn/34/12/24015454-1_l_4.jpg","author":"黄治军","publister":"花城出版社","publist_time":"2016-08-13","link":"http://product.dangdang.com/24015454.html","price":"¥27.50¥19.95"},{"title":"晚清政治史：数千年未有之变局・下卷","img":"http://img3x6.ddimg.cn/32/21/24015056-1_l_6.jpg","author":"王开玺","publister":"东方出版社","publist_time":"2016-09-01","link":"http://product.dangdang.com/24015056.html","price":"¥28.80"},{"title":"中国古代都城制度史研究","img":"http://img3x3.ddimg.cn/14/26/24014543-1_l_8.jpg","author":"杨宽　著","publister":"上海人民出版社","publist_time":"2016-07-01","link":"http://product.dangdang.com/24014543.html","price":"¥62.40"},{"title":"迦太基必须毁灭：古文明的兴衰","img":"http://img3x7.ddimg.cn/73/15/24012127-1_l_6.jpg","author":"理查德・迈尔斯（Richard Miles） 著，孟驰 译","publister":"社会科学文献出版社","publist_time":"2016-08-01","link":"http://product.dangdang.com/24012127.html","price":"¥70.40"},{"title":"宋人著作五种征引《史记正义》佚文考索（二十四史校订研究丛刊）","img":"http://img3x6.ddimg.cn/7/36/24008596-1_l_2.jpg","author":"袁传璋 著","publister":"中华书局","publist_time":"2016-06-15","link":"http://product.dangdang.com/24008596.html","price":"¥32.30"},{"title":"知行合一王阳明大合集(独家签名套装共4册)（1+2+3+传习录）","img":"http://img3x4.ddimg.cn/47/4/24038534-1_l_6.jpg","author":"度阴山 著","publister":"北京时代华文书局","publist_time":"2016-10-01","link":"http://product.dangdang.com/24038534.html","price":"¥72.00"},{"title":"纳粹德国：一部新的历史","img":"http://img3x5.ddimg.cn/52/7/24037945-1_l_2.jpg","author":"克劳斯・P. 费舍尔","publister":"译林出版社","publist_time":"2016-08-01","link":"http://product.dangdang.com/24037945.html","price":"¥61.60"},{"title":"读懂中国青铜器：文化、形式、功能与图案","img":"http://img3x9.ddimg.cn/46/1/24037939-1_l_3.jpg","author":"戴克成","publister":"译林出版社","publist_time":"2016-09-01","link":"http://product.dangdang.com/24037939.html","price":"¥37.90"},{"title":"魏晋风流多少事：趣解〈世说新语〉","img":"http://img3x4.ddimg.cn/78/4/24036684-1_l_6.jpg","author":"理洵","publister":"语文出版社","publist_time":"2016-08-01","link":"http://product.dangdang.com/24036684.html","price":"¥24.80"},{"title":"法国大革命中的群众","img":"http://img3x5.ddimg.cn/41/26/24035855-1_l_3.jpg","author":"乔治・鲁德　著","publister":"北京师范大学出版社","publist_time":"2016-07-01","link":"http://product.dangdang.com/24035855.html","price":"¥37.40"},{"title":"大都会","img":"http://img3x5.ddimg.cn/57/16/24035475-1_l_2.jpg","author":"（美）杰里米・布莱克","publister":"山西人民出版社发行部","publist_time":"2016-09-01","link":"http://product.dangdang.com/24035475.html","price":"¥56.20"},{"title":"商周墓葬比较研究","img":"http://img3x1.ddimg.cn/57/14/24034881-1_l_1.jpg","author":"张明东　著","publister":"中国社会科学出版社","publist_time":"2016-04-01","link":"http://product.dangdang.com/24034881.html","price":"¥49.60"},{"title":"西周史","img":"http://img3x1.ddimg.cn/28/28/24032971-1_l_3.jpg","author":"杨宽 著","publister":"上海人民出版社","publist_time":"2016-07-01","link":"http://product.dangdang.com/24032971.html","price":"¥94.40"},{"title":"向生与求死：晚清政坛的另类观察","img":"http://img3x3.ddimg.cn/89/27/24032933-1_l_6.jpg","author":"王学斌","publister":"现代出版社","publist_time":"2016-10-01","link":"http://product.dangdang.com/24032933.html","price":"¥27.50"}]