[{"title":"有匪1：少年游（独家签名版）","img":"http://img3x7.ddimg.cn/95/2/24042047-1_l_5.jpg","author":"Priest","publister":"湖南文艺出版社","publist_time":"2016-11-01","link":"http://product.dangdang.com/24042047.html","price":"¥24.20"},{"title":"光芒纪・微光","img":"http://img3x4.ddimg.cn/34/5/24024364-1_l_12.jpg","author":"侧侧轻寒","publister":"四川文艺出版社","publist_time":"2016-09-01","link":"http://product.dangdang.com/24024364.html","price":"¥25.20¥9.99"},{"title":"光芒纪・斑斓","img":"http://img3x5.ddimg.cn/35/6/24024365-1_l_12.jpg","author":"侧侧轻寒","publister":"四川文艺出版社","publist_time":"2016-09-01","link":"http://product.dangdang.com/24024365.html","price":"¥25.20¥9.99"},{"title":"夏目友人帐","img":"http://img3x2.ddimg.cn/33/18/24017532-1_l_6.jpg","author":"（日）村井贞之著，廖雯雯译","publister":"百花洲文艺出版社","publist_time":"2016-09-01","link":"http://product.dangdang.com/24017532.html","price":"¥18.40¥6.99"},{"title":"我想送你一颗黑凤梨","img":"http://img3x7.ddimg.cn/68/11/24034397-1_l_14.jpg","author":"程一","publister":"中国友谊出版公司","publist_time":"2016-10-01","link":"http://product.dangdang.com/24034397.html","price":"¥24.70"},{"title":"爵迹套装（雾雪零尘+永生之海）","img":"http://img3x8.ddimg.cn/69/6/24010638-1_l_16.jpg","author":"郭敬明","publister":"湖南文艺出版社","publist_time":"2016-08-01","link":"http://product.dangdang.com/24010638.html","price":"¥48.00"},{"title":"看过很多云，却只爱过你","img":"http://img3x5.ddimg.cn/30/22/24015945-1_l_5.jpg","author":"余言","publister":"江苏文艺出版社","publist_time":"2016-09-01","link":"http://product.dangdang.com/24015945.html","price":"¥18.50"},{"title":"爵迹梦鉴集","img":"http://img3x0.ddimg.cn/1/36/24032350-1_l_6.jpg","author":"郭敬明","publister":"湖南文艺出版社","publist_time":"2016-09-30","link":"http://product.dangdang.com/24032350.html","price":"¥33.70"},{"title":"斗罗大陆3龙王传说9 唐家三少","img":"http://img3x0.ddimg.cn/73/12/24040540-1_l_3.jpg","author":"唐家三少","publister":"湖南少年儿童出版社","publist_time":"2016-09-30","link":"http://product.dangdang.com/24040540.html","price":"¥18.20"},{"title":"苏小懒新书 不懂浪漫的男朋友（当当独家签名版，百万册畅销书作家...","img":"http://img3x4.ddimg.cn/31/20/24026044-1_l_23.jpg","author":"苏小懒","publister":"广东人民出版社","publist_time":"2016-09-01","link":"http://product.dangdang.com/24026044.html","price":"¥27.20"},{"title":"好想和你在一起（上下册）（新增万字甜蜜番外，超值附赠Missing ...","img":"http://img3x8.ddimg.cn/44/22/24008138-1_l_11.jpg","author":"北倾","publister":"百花洲文艺出版社","publist_time":"2016-09-01","link":"http://product.dangdang.com/24008138.html","price":"¥28.40"},{"title":"余生，请多指教（签名本）","img":"http://img3x9.ddimg.cn/14/29/24033749-1_l_6.jpg","author":"柏林石匠","publister":"百花洲文艺出版社","publist_time":"2016-10-01","link":"http://product.dangdang.com/24033749.html","price":"¥22.10"},{"title":"我曾这样深切爱过你","img":"http://img3x7.ddimg.cn/12/3/24011967-1_l_12.jpg","author":"长宇宙","publister":"青岛出版社","publist_time":"2016-08-01","link":"http://product.dangdang.com/24011967.html","price":"¥29.80"},{"title":"她不服，他来治（全三册）","img":"http://img3x6.ddimg.cn/11/2/24011966-1_l_6.jpg","author":"简思","publister":"青岛出版社","publist_time":"2016-08-01","link":"http://product.dangdang.com/24011966.html","price":"¥55.10"},{"title":"我就喜欢这样的你","img":"http://img3x0.ddimg.cn/84/33/24017880-1_l_6.jpg","author":"盛世爱","publister":"青岛出版社","publist_time":"2016-08-01","link":"http://product.dangdang.com/24017880.html","price":"¥24.20"},{"title":"藏在回忆里的深爱","img":"http://img3x4.ddimg.cn/71/12/24019154-1_l_6.jpg","author":"芸生","publister":"青岛出版社","publist_time":"2016-08-01","link":"http://product.dangdang.com/24019154.html","price":"¥24.80"},{"title":"何时雾散尽 居筱亦（音乐系才女×妹狂魔情感大戏！新增番外甜蜜小...","img":"http://img3x3.ddimg.cn/77/34/24012923-1_l_2.jpg","author":"居筱亦","publister":"江苏文艺出版社","publist_time":"2016-08-08","link":"http://product.dangdang.com/24012923.html","price":"¥20.60"},{"title":"不负时光不负你（上、下册）","img":"http://img3x2.ddimg.cn/84/1/24015702-1_l_6.jpg","author":"圣妖","publister":"青岛出版社","publist_time":"2016-09-01","link":"http://product.dangdang.com/24015702.html","price":"¥38.00"},{"title":"何时拟归舟 顾浅意（尽管这个世界已经千疮百孔，我仍像爱着你一样...","img":"http://img3x7.ddimg.cn/75/30/24012327-1_l_2.jpg","author":"顾浅意","publister":"江苏文艺出版社","publist_time":"2016-08-01","link":"http://product.dangdang.com/24012327.html","price":"¥19.30"},{"title":"匣心记（全四册）（当当会员专享知名插画师Eno手绘海报及封面同系...","img":"http://img3x5.ddimg.cn/54/26/24017355-1_l_17.jpg","author":"伍倩","publister":"江苏文艺出版社","publist_time":"2016-09-01","link":"http://product.dangdang.com/24017355.html","price":"¥95.30¥7.99"},{"title":"如果蜗牛有爱情（典藏版）（当当独家赠送丁墨亲自填词的歌词卡一...","img":"http://img3x1.ddimg.cn/27/35/24017031-1_l_12.jpg","author":"丁墨","publister":"百花洲文艺出版社","publist_time":"2016-09-01","link":"http://product.dangdang.com/24017031.html","price":"¥32.40"},{"title":"浮生物语4（下）・天衣侯人","img":"http://img3x6.ddimg.cn/71/15/24009056-1_l_5.jpg","author":"裟椤双树","publister":"长江文艺出版社","publist_time":"2016-08-01","link":"http://product.dangdang.com/24009056.html","price":"¥22.60"},{"title":"斗罗大陆3龙王传说8 唐家三少（媲美《龙族》，唐家三少代表性作品...","img":"http://img3x0.ddimg.cn/34/13/24026740-1_l_4.jpg","author":"唐家三少","publister":"湖南少年儿童出版社","publist_time":"2016-09-05","link":"http://product.dangdang.com/24026740.html","price":"¥16.40"},{"title":"四世生花  男神沈煜伦2016新书，当当独家预售签名双封版（精美海...","img":"http://img3x7.ddimg.cn/18/20/24011577-1_l_14.jpg","author":"沈煜伦","publister":"湖南文艺出版社","publist_time":"2016-08-16","link":"http://product.dangdang.com/24011577.html","price":"¥34.40"},{"title":"半城烟沙（全二册）","img":"http://img3x1.ddimg.cn/9/12/24019191-1_l_6.jpg","author":"狂上加狂","publister":"青岛出版社","publist_time":"2016-08-01","link":"http://product.dangdang.com/24019191.html","price":"¥41.30"},{"title":"半城 素素素（《未曾听说我爱你》作者素素素甜虐来袭！男主苏破天...","img":"http://img3x6.ddimg.cn/95/32/24025316-1_l_6.jpg","author":"素素素","publister":"江苏文艺出版社","publist_time":"2016-09-08","link":"http://product.dangdang.com/24025316.html","price":"¥19.30"},{"title":"自在?YOUNG（纯粹美好的写真集，把杨洋放进你的全世界！）","img":"http://img3x3.ddimg.cn/58/7/24028843-1_l_2.jpg","author":"杨洋","publister":"北京联合出版公司","publist_time":"2016-09-09","link":"http://product.dangdang.com/24028843.html","price":"¥46.90"},{"title":"九国夜雪外传.暗花","img":"http://img3x4.ddimg.cn/64/35/24024394-1_l_4.jpg","author":"水阡墨","publister":"百花洲文艺出版社","publist_time":"2016-08-25","link":"http://product.dangdang.com/24024394.html","price":"¥19.30"},{"title":"且以深情共余生（全二册）","img":"http://img3x0.ddimg.cn/3/1/24017700-1_l_4.jpg","author":"汐奚","publister":"青岛出版社","publist_time":"2016-09-01","link":"http://product.dangdang.com/24017700.html","price":"¥41.30"},{"title":"枭宠（全二册）（当当独家限量签名版，先到先得；当当独家赠送精...","img":"http://img3x5.ddimg.cn/37/10/24017635-1_l_6.jpg","author":"丁墨","publister":"百花洲文艺出版社","publist_time":"2016-09-01","link":"http://product.dangdang.com/24017635.html","price":"¥34.40"},{"title":"我还是很喜欢你","img":"http://img3x2.ddimg.cn/60/3/24038052-1_l_4.jpg","author":"苏豆芽","publister":"长江文艺出版社","publist_time":"2016-10-19","link":"http://product.dangdang.com/24038052.html","price":"¥25.90"},{"title":"谁知后来，我会那么爱你","img":"http://img3x5.ddimg.cn/80/30/24032825-1_l_18.jpg","author":"周灿","publister":"北京联合出版公司","publist_time":"2016-11-01","link":"http://product.dangdang.com/24032825.html","price":"¥17.90"},{"title":"以最好的样子与你相遇（全二册）","img":"http://img3x2.ddimg.cn/69/10/24019152-1_l_5.jpg","author":"无影有踪","publister":"青岛出版社","publist_time":"2016-08-01","link":"http://product.dangdang.com/24019152.html","price":"¥41.30"},{"title":"你就是我的全世界（上、下册）","img":"http://img3x0.ddimg.cn/58/0/24034090-1_l_6.jpg","author":"忘记呼吸的猫","publister":"青岛出版社","publist_time":"2016-10-01","link":"http://product.dangdang.com/24034090.html","price":"¥34.40"},{"title":"守藏（上） 玄色（赠当当独家精美海报+《守藏》精美人物角色卡5张...","img":"http://img3x1.ddimg.cn/35/14/24026741-1_l_5.jpg","author":"玄色","publister":"长江出版社","publist_time":"2016-09-02","link":"http://product.dangdang.com/24026741.html","price":"¥23.30"},{"title":"关于我和肖的一切","img":"http://img3x0.ddimg.cn/27/5/24019110-1_l_6.jpg","author":"落难天使","publister":"青岛出版社","publist_time":"2016-09-01","link":"http://product.dangdang.com/24019110.html","price":"¥24.20"},{"title":"凤隐天下・完美珍藏版（上、下册）","img":"http://img3x9.ddimg.cn/26/4/24019109-1_l_5.jpg","author":"月出云","publister":"青岛出版社","publist_time":"2016-09-01","link":"http://product.dangdang.com/24019109.html","price":"¥41.30"},{"title":"时间都知道（上下册）","img":"http://img3x3.ddimg.cn/69/19/24043803-1_l_3.jpg","author":"随侯珠","publister":"百花洲文艺出版社","publist_time":"2016-11-01","link":"http://product.dangdang.com/24043803.html","price":"¥32.40"},{"title":"为你打开时间的门・完结篇（深情不悔的守护+唤醒所有人的初恋）","img":"http://img3x0.ddimg.cn/54/13/24020820-1_l_5.jpg","author":"皎皎","publister":"花山文艺出版社","publist_time":"2016-09-01","link":"http://product.dangdang.com/24020820.html","price":"¥22.60"},{"title":"紫川5一统天下（典藏版）（上、下册）（大结局）","img":"http://img3x6.ddimg.cn/13/28/24019096-1_l_8.jpg","author":"老猪","publister":"青岛出版社","publist_time":"2016-09-01","link":"http://product.dangdang.com/24019096.html","price":"¥41.30"},{"title":"紫川4帝都赞歌（典藏版）（上、下册）","img":"http://img3x4.ddimg.cn/11/26/24019094-1_l_5.jpg","author":"老猪","publister":"青岛出版社","publist_time":"2016-09-01","link":"http://product.dangdang.com/24019094.html","price":"¥44.80"},{"title":"紫川2光明王者（典藏版）（上、下册）","img":"http://img3x3.ddimg.cn/10/25/24019093-1_l_5.jpg","author":"老猪","publister":"青岛出版社","publist_time":"2016-09-01","link":"http://product.dangdang.com/24019093.html","price":"¥41.30"},{"title":"紫川3铁腕统领（典藏版）（上、下册）","img":"http://img3x2.ddimg.cn/9/24/24019092-1_l_6.jpg","author":"老猪","publister":"青岛出版社","publist_time":"2016-09-01","link":"http://product.dangdang.com/24019092.html","price":"¥41.30"},{"title":"紫川1紫川三杰（典藏版）（上、下册）","img":"http://img3x0.ddimg.cn/66/19/24019050-1_l_6.jpg","author":"老猪","publister":"青岛出版社","publist_time":"2016-09-01","link":"http://product.dangdang.com/24019050.html","price":"¥41.30"},{"title":"与时光擦肩而过（全两册）非天夜翔新书，预售期间下单送32p手账","img":"http://img3x7.ddimg.cn/10/8/24017707-1_l_2.jpg","author":"非天夜翔","publister":"百花文艺出版社","publist_time":"2016-06-01","link":"http://product.dangdang.com/24017707.html","price":"¥40.90"},{"title":"文艺风象・反正到今天还是没完结（2016年10月刊）","img":"http://img3x7.ddimg.cn/47/3/24038237-1_l_3.jpg","author":"落落","publister":"湖南文艺出版社","publist_time":"2016-10-01","link":"http://product.dangdang.com/24038237.html","price":"¥14.30"},{"title":"杨洋新书  自在・YOUNG（当当独家签章版）预售","img":"http://img3x1.ddimg.cn/56/5/24028841-1_l_6.jpg","author":"杨洋","publister":"北京联合出版公司","publist_time":"2016-09-09","link":"http://product.dangdang.com/24028841.html","price":"¥49.00"},{"title":"等待提拉米苏（一起长大一起升级打怪，甜美的暗恋）","img":"http://img3x3.ddimg.cn/53/31/24015473-1_l_5.jpg","author":"时久","publister":"百花洲文艺出版社","publist_time":"2016-09-01","link":"http://product.dangdang.com/24015473.html","price":"¥21.50"},{"title":"他看见你的声音（当当独家专享签名版）","img":"http://img3x0.ddimg.cn/2/17/24037400-1_l_5.jpg","author":"殷寻","publister":"百花洲文艺出版社","publist_time":"2016-10-01","link":"http://product.dangdang.com/24037400.html","price":"¥20.80"},{"title":"夜空的星照亮你前行","img":"http://img3x1.ddimg.cn/68/29/24025091-1_l_6.jpg","author":"刘华剑","publister":"湖南文艺出版社","publist_time":"2016-09-15","link":"http://product.dangdang.com/24025091.html","price":"¥24.50"},{"title":"曾许诺套装（全新修订版）（独家签名版）","img":"http://img3x7.ddimg.cn/64/25/24025087-1_l_11.jpg","author":"桐华","publister":"湖南文艺出版社","publist_time":"2016-09-10","link":"http://product.dangdang.com/24025087.html","price":"¥49.70"},{"title":"文艺风象・水果！水果！（2016年9月刊）","img":"http://img3x4.ddimg.cn/16/8/24019594-1_l_6.jpg","author":"落落","publister":"湖南文艺出版社","publist_time":"2016-09-01","link":"http://product.dangdang.com/24019594.html","price":"¥12.90"},{"title":"愿所有姑娘都可以嫁给爱情（原创文艺个人公众号摆渡人首部作品，...","img":"http://img3x4.ddimg.cn/25/36/24010594-1_l_6.jpg","author":"摆渡人","publister":"北京联合出版公司","publist_time":"2016-07-01","link":"http://product.dangdang.com/24010594.html","price":"¥28.70"},{"title":"一朝锦绣：全2册","img":"http://img3x8.ddimg.cn/66/0/24039048-1_l_1.jpg","author":"张瑞","publister":"湖南文艺出版社","publist_time":"2016-09-15","link":"http://product.dangdang.com/24039048.html","price":"¥48.20"},{"title":"意林小小姐合订本2016年08期下-09期下（总第48卷）（升级版）","img":"http://img3x8.ddimg.cn/95/35/24015218-1_l_5.jpg","author":"《意林・小小姐》编辑部","publister":"吉林摄影出版社","publist_time":"2016-09-01","link":"http://product.dangdang.com/24015218.html","price":"¥19.60"},{"title":"夜旅人","img":"http://img3x4.ddimg.cn/75/31/24012624-1_l_6.jpg","author":"赵熙之","publister":"百花洲文艺出版社","publist_time":"2016-09-01","link":"http://product.dangdang.com/24012624.html","price":"¥25.20"},{"title":"少年的你，如此美丽（当当独家签名本，独家赠送精美海报）（随书...","img":"http://img3x8.ddimg.cn/37/28/24019318-1_l_5.jpg","author":"玖月","publister":"百花洲文艺出版社","publist_time":"2016-09-01","link":"http://product.dangdang.com/24019318.html","price":"¥20.80"},{"title":"我就喜欢这样的你","img":"http://img3x9.ddimg.cn/49/18/24016459-1_l_5.jpg","author":"缓缓君 著","publister":"江苏文艺出版社","publist_time":"2016-09-01","link":"http://product.dangdang.com/24016459.html","price":"¥25.90"},{"title":"盛世江山之浴火成凰（上、中、下册）","img":"http://img3x7.ddimg.cn/71/7/24003017-1_l_11.jpg","author":"真爱未凉","publister":"青岛出版社","publist_time":"2016-08-01","link":"http://product.dangdang.com/24003017.html","price":"¥55.10"},{"title":"你是我的药","img":"http://img3x4.ddimg.cn/57/30/24028644-1_l_11.jpg","author":"锦竹","publister":"中国电影出版社","publist_time":"2016-08-29","link":"http://product.dangdang.com/24028644.html","price":"¥20.60"},{"title":"天下之将门庶女（上、中、下册）","img":"http://img3x5.ddimg.cn/12/27/24019095-1_l_10.jpg","author":"偏方方","publister":"青岛出版社","publist_time":"2016-09-01","link":"http://product.dangdang.com/24019095.html","price":"¥55.10"},{"title":"半面妆2","img":"http://img3x2.ddimg.cn/25/32/24016732-1_l_4.jpg","author":"萧十一狼","publister":"长江出版社","publist_time":"2016-08-12","link":"http://product.dangdang.com/24016732.html","price":"¥21.00"},{"title":"全世界只有我可以欺负你","img":"http://img3x8.ddimg.cn/61/30/24012808-1_l_2.jpg","author":"蒙淇淇","publister":"中国友谊出版公司","publist_time":"2016-09-01","link":"http://product.dangdang.com/24012808.html","price":"¥21.70"},{"title":"你的世界是我最勇敢的一次冒险","img":"http://img3x9.ddimg.cn/75/34/24042819-1_l_2.jpg","author":"庞陶联","publister":"中国商业出版社","publist_time":"2016-10-01","link":"http://product.dangdang.com/24042819.html","price":"¥27.50"},{"title":"木兰无长兄6","img":"http://img3x8.ddimg.cn/59/28/24027458-1_l_5.jpg","author":"祈祷君","publister":"百花洲文艺出版社","publist_time":"2016-09-01","link":"http://product.dangdang.com/24027458.html","price":"¥21.00"},{"title":"风透湘帘花满庭（第一卷、第二卷）","img":"http://img3x0.ddimg.cn/58/29/24039040-1_l_9.jpg","author":"满碧乔","publister":"接力出版社","publist_time":"2016-10-01","link":"http://product.dangdang.com/24039040.html","price":"¥51.70"},{"title":"可我还是喜欢你（甜暖情话故事，Miss You A Little；当当专享由宾...","img":"http://img3x8.ddimg.cn/36/16/24038028-1_l_5.jpg","author":"由宾 著","publister":"北京联合出版公司","publist_time":"2016-09-01","link":"http://product.dangdang.com/24038028.html","price":"¥25.90"},{"title":"送你一座不孤城","img":"http://img3x3.ddimg.cn/97/14/24037693-1_l_5.jpg","author":"师小札","publister":"青岛出版社","publist_time":"2016-10-01","link":"http://product.dangdang.com/24037693.html","price":"¥22.80"},{"title":"朱颜（镜）.上","img":"http://img3x7.ddimg.cn/42/2/24035757-1_l_5.jpg","author":"沧月","publister":"长江出版社","publist_time":"2016-09-01","link":"http://product.dangdang.com/24035757.html","price":"¥30.60"},{"title":"像我这样无害的青年（当当独家赠送封面同款大海报一张）：金牌人...","img":"http://img3x5.ddimg.cn/94/31/24025315-1_l_10.jpg","author":"微笑的猫","publister":"世界知识出版社","publist_time":"2016-09-01","link":"http://product.dangdang.com/24025315.html","price":"¥22.10"},{"title":"那个不为人知的故事（我与世界只差一个你，是你，成就了我的世界...","img":"http://img3x3.ddimg.cn/17/30/24014843-1_l_5.jpg","author":"Twentine(无量渡口）","publister":"百花洲文艺出版社","publist_time":"2016-09-01","link":"http://product.dangdang.com/24014843.html","price":"¥24.20"},{"title":"里则林：A仔故事（当当专享签名本）（叛逆青葱岁月，纯情爆笑）","img":"http://img3x2.ddimg.cn/7/17/24013942-1_l_11.jpg","author":"里则林","publister":"浙江文艺出版社","publist_time":"2016-08-17","link":"http://product.dangdang.com/24013942.html","price":"¥27.00¥8.99"},{"title":"亲爱的彼得潘小姐 （当当独家签名本）","img":"http://img3x7.ddimg.cn/8/34/24033347-1_l_15.jpg","author":"苏沐梓","publister":"北京联合出版公司","publist_time":"2016-10-01","link":"http://product.dangdang.com/24033347.html","price":"¥26.50"},{"title":"漫漫此生","img":"http://img3x5.ddimg.cn/69/3/24031725-1_l_5.jpg","author":"秦小羊","publister":"江苏文艺出版社","publist_time":"2016-10-01","link":"http://product.dangdang.com/24031725.html","price":"¥25.40"},{"title":"惑国：傀儡王妃（全二册）","img":"http://img3x2.ddimg.cn/40/7/24023182-1_l_5.jpg","author":"二月柳","publister":"百花洲文艺出版社","publist_time":"2016-08-01","link":"http://product.dangdang.com/24023182.html","price":"¥41.30"},{"title":"意林小小姐欢乐联萌系列7--千金当道（一）（升级版）（随书附赠神...","img":"http://img3x6.ddimg.cn/43/2/24017146-1_l_6.jpg","author":"沈君野","publister":"北方妇女儿童出版社","publist_time":"2016-08-18","link":"http://product.dangdang.com/24017146.html","price":"¥16.50"},{"title":"招摇：全二册","img":"http://img3x2.ddimg.cn/65/34/24012812-1_l_18.jpg","author":"九鹭非香","publister":"湖南文艺出版社","publist_time":"2016-08-01","link":"http://product.dangdang.com/24012812.html","price":"¥44.60"},{"title":"良臣难为（当当独家专享签名版）（原名《呜呼！佞臣当道》全面修...","img":"http://img3x4.ddimg.cn/78/14/24039654-1_l_3.jpg","author":"爱爬树的鱼","publister":"百花洲文艺出版社","publist_time":"2016-10-01","link":"http://product.dangdang.com/24039654.html","price":"¥20.80"},{"title":"红颜手札","img":"http://img3x2.ddimg.cn/86/11/24032732-1_l_2.jpg","author":"吾玉 著","publister":"河南人民出版社","publist_time":"2016-09-01","link":"http://product.dangdang.com/24032732.html","price":"¥18.50"},{"title":"意林全彩Color合订本2016年第6-8期（总第1卷）赠海报无赠品不退","img":"http://img3x0.ddimg.cn/17/14/24021080-1_l_5.jpg","author":"贾平凹、蔡澜、亦舒、张小娴、陈文茜、六神磊磊等","publister":"HarperCollins UK","publist_time":"2016-09-01","link":"http://product.dangdang.com/24021080.html","price":"¥15.20"},{"title":"胆小鬼侦探","img":"http://img3x3.ddimg.cn/14/35/24013553-1_l_4.jpg","author":"苏盈","publister":"长江文艺出版社","publist_time":"2016-08-08","link":"http://product.dangdang.com/24013553.html","price":"¥20.00"},{"title":"孤独的你总有星辰作伴（咪蒙监制并写序推荐，李瑞清首部作品）","img":"http://img3x1.ddimg.cn/39/21/24009321-1_l_20.jpg","author":"李瑞清","publister":"湖南文艺出版社","publist_time":"2016-08-01","link":"http://product.dangdang.com/24009321.html","price":"¥21.80¥13.99"},{"title":"脑洞W.1","img":"http://img3x8.ddimg.cn/82/36/24037678-1_l_6.jpg","author":"无色方塘等","publister":"长江出版社","publist_time":"2016-09-01","link":"http://product.dangdang.com/24037678.html","price":"¥17.30"},{"title":"亲爱的弗洛伊德","img":"http://img3x6.ddimg.cn/70/3/24027766-1_l_10.jpg","author":"玖月","publister":"百花洲文艺出版社","publist_time":"2016-10-01","link":"http://product.dangdang.com/24027766.html","price":"¥38.90"},{"title":"愿你喜欢笑，也喜欢自己","img":"http://img3x4.ddimg.cn/36/17/24012684-1_l_8.jpg","author":"唐艺昕","publister":"中国友谊出版公司","publist_time":"2016-08-01","link":"http://product.dangdang.com/24012684.html","price":"¥34.60"},{"title":"风舞（《温暖的弦》姐妹篇）","img":"http://img3x9.ddimg.cn/8/15/24009389-1_l_6.jpg","author":"安宁","publister":"花山文艺出版社","publist_time":"2016-08-01","link":"http://product.dangdang.com/24009389.html","price":"¥20.60¥6.99"},{"title":"一寸相思","img":"http://img3x2.ddimg.cn/76/4/24007972-1_l_6.jpg","author":"紫微流年","publister":"青岛出版社","publist_time":"2016-08-01","link":"http://product.dangdang.com/24007972.html","price":"¥40.00"},{"title":"九国夜雪.早春宴","img":"http://img3x4.ddimg.cn/8/28/24005924-1_l_5.jpg","author":"水阡墨","publister":"百花洲文艺出版社","publist_time":"2016-06-15","link":"http://product.dangdang.com/24005924.html","price":"¥19.30"},{"title":"后宫・褒姒传（套装共3册）","img":"http://img3x2.ddimg.cn/77/28/24000152-1_l_5.jpg","author":"飞刀叶","publister":"中国友谊出版公司","publist_time":"2016-07-01","link":"http://product.dangdang.com/24000152.html","price":"¥50.30"},{"title":"猎能者1猎能学院","img":"http://img3x5.ddimg.cn/75/22/24039255-1_l_3.jpg","author":"彭湃","publister":"百花洲文艺出版社","publist_time":"2016-09-23","link":"http://product.dangdang.com/24039255.html","price":"¥21.30"},{"title":"不期而遇的温暖（微微一笑的幸福，从那一天开始）","img":"http://img3x0.ddimg.cn/66/12/24027960-1_l_4.jpg","author":"板栗子","publister":"百花洲文艺出版社","publist_time":"2016-10-01","link":"http://product.dangdang.com/24027960.html","price":"¥19.40"},{"title":"百灵潭","img":"http://img3x2.ddimg.cn/27/22/24027822-1_l_11.jpg","author":"吾玉","publister":"百花洲文艺出版社","publist_time":"2016-09-08","link":"http://product.dangdang.com/24027822.html","price":"¥20.60"},{"title":"掌家娘子","img":"http://img3x3.ddimg.cn/49/4/24026953-1_l_2.jpg","author":"云霓","publister":"重庆出版社","publist_time":"2016-09-29","link":"http://product.dangdang.com/24026953.html","price":"¥41.80"},{"title":"时光与你有染","img":"http://img3x8.ddimg.cn/61/15/24026668-1_l_11.jpg","author":"临渊鱼儿","publister":"青岛出版社","publist_time":"2016-09-01","link":"http://product.dangdang.com/24026668.html","price":"¥30.60"},{"title":"花开成毒（全3册）","img":"http://img3x1.ddimg.cn/82/4/24024511-1_l_6.jpg","author":"尼罗","publister":"中国华侨出版社","publist_time":"2016-09-01","link":"http://product.dangdang.com/24024511.html","price":"¥50.40"},{"title":"全职高手3 黄金攻略（全新典藏版)","img":"http://img3x9.ddimg.cn/4/35/24023839-1_l_6.jpg","author":"蝴蝶蓝","publister":"羊城晚报出版社","publist_time":"2016-09-08","link":"http://product.dangdang.com/24023839.html","price":"¥27.40"},{"title":"吹不散眉弯","img":"http://img3x9.ddimg.cn/60/27/24019539-1_l_12.jpg","author":"安宁","publister":"中国华侨出版社","publist_time":"2016-08-26","link":"http://product.dangdang.com/24019539.html","price":"¥25.20¥6.99"},{"title":"良辰多喜欢4","img":"http://img3x3.ddimg.cn/44/11/24019523-1_l_6.jpg","author":"原城","publister":"江苏文艺出版社","publist_time":"2016-09-01","link":"http://product.dangdang.com/24019523.html","price":"¥18.50"},{"title":"风起青萍：纪念典藏版","img":"http://img3x0.ddimg.cn/67/8/24019150-1_l_6.jpg","author":"皎皎","publister":"青岛出版社","publist_time":"2016-08-01","link":"http://product.dangdang.com/24019150.html","price":"¥24.20"},{"title":"经年留影","img":"http://img3x8.ddimg.cn/25/3/24019108-1_l_6.jpg","author":"如是非迎","publister":"青岛出版社","publist_time":"2016-09-01","link":"http://product.dangdang.com/24019108.html","price":"¥24.20"}]