[{"title":"哈利・波特与被诅咒的孩子（新书9月20日0点预售）","img":"http://img3x3.ddimg.cn/29/32/24033863-1_l_6.jpg","author":"J.K.罗琳（英） 约翰.蒂法尼 & 杰克.索恩（英）","publister":"人民文学出版社","publist_time":"2016-10-30","link":"http://product.dangdang.com/24033863.html","price":"¥53.80"},{"title":"神奇校车・手工益智版（全8册）","img":"http://img3x1.ddimg.cn/8/12/24012161-1_l_6.jpg","author":"（美）乔安娜・柯尔  文，（美）布鲁斯・迪根  图；","publister":"贵州人民出版社","publist_time":"2016-07-13","link":"http://product.dangdang.com/24012161.html","price":"¥74.80"},{"title":"百年童话绘本・典藏版（全套5辑共30册）","img":"http://img3x2.ddimg.cn/94/24/24030562-1_l_14.jpg","author":"美）莱曼・弗兰克・鲍姆，（德）格林兄弟，（丹）安徒生等","publister":"北京联合出版公司","publist_time":"2016-09-15","link":"http://product.dangdang.com/24030562.html","price":"¥279.70"},{"title":"给孩子的汉字王国","img":"http://img3x8.ddimg.cn/12/16/24015828-1_l_12.jpg","author":"[瑞典] 林西莉 著；李之义 译；北岛 编","publister":"中信出版社","publist_time":"2016-08-31","link":"http://product.dangdang.com/24015828.html","price":"¥36.00"},{"title":"团结伙伴一起解决问题（歪歪兔领导力教育系列图画书，全10册）","img":"http://img3x2.ddimg.cn/69/29/24021132-1_l_10.jpg","author":"歪歪兔关键期早教项目组（陈梦敏/文马鹏浩/图）著绘","publister":"海豚出版社","publist_time":"2016-10-01","link":"http://product.dangdang.com/24021132.html","price":"¥80.00"},{"title":"我的第一本大中华寻宝漫画书19 香港寻宝记","img":"http://img3x1.ddimg.cn/29/24/23987531-1_l_6.jpg","author":"孙家裕","publister":"二十一世纪出版社","publist_time":"2016-06-01","link":"http://product.dangdang.com/23987531.html","price":"¥16.50"},{"title":"给孩子的古诗词（讲诵版）","img":"http://img3x6.ddimg.cn/1/18/24041656-1_l_3.jpg","author":"叶嘉莹 编著；北岛","publister":"中信出版社","publist_time":"2016-10-05","link":"http://product.dangdang.com/24041656.html","price":"¥56.40"},{"title":"百年童话绘本・典藏版第1辑（全6册）","img":"http://img3x5.ddimg.cn/97/27/24030565-1_l_8.jpg","author":"（美）莱曼・兰克・鲍姆，（德）格林兄弟等","publister":"北京联合出版公司","publist_time":"2016-09-15","link":"http://product.dangdang.com/24030565.html","price":"¥57.70"},{"title":"数学星球（让孩子爱上数学的趣味绘本）","img":"http://img3x9.ddimg.cn/92/26/24020759-1_l_6.jpg","author":"卡莉娜・卢瓦尔；偌琛・热尔内尔","publister":"中国人口出版社","publist_time":"2016-08-24","link":"http://product.dangdang.com/24020759.html","price":"¥40.00"},{"title":"独生小孩","img":"http://img3x7.ddimg.cn/8/29/24013547-1_l_15.jpg","author":"郭婧 绘著","publister":"中信出版社","publist_time":"2016-09-02","link":"http://product.dangdang.com/24013547.html","price":"¥44.10"},{"title":"植物大战僵尸2武器秘密之科学漫画 森林与湖泊卷","img":"http://img3x9.ddimg.cn/42/15/24028629-1_l_6.jpg","author":"笑江南","publister":"中国少年儿童出版社","publist_time":"2016-08-31","link":"http://product.dangdang.com/24028629.html","price":"¥17.50"},{"title":"疯狂科学（全5册，下一站，X星球+人体奥秘全知道+全宇宙恶心事物...","img":"http://img3x1.ddimg.cn/86/28/24001151-1_l_6.jpg","author":"[英]格伦・墨菲","publister":"中信出版社","publist_time":"2016-08-20","link":"http://product.dangdang.com/24001151.html","price":"¥63.30"},{"title":"博恩熊情境教育绘本：快乐的21天（全21册）","img":"http://img3x7.ddimg.cn/51/36/24013887-1_l_6.jpg","author":"[美]斯坦・博恩斯坦 简・博恩斯坦 迈克・博恩斯坦 著","publister":"新星出版社","publist_time":"2016-08-01","link":"http://product.dangdang.com/24013887.html","price":"¥130.40"},{"title":"小布头奇遇记（全彩插图无删减版）","img":"http://img3x0.ddimg.cn/36/33/24010110-1_l_6.jpg","author":"孙幼军","publister":"云南人民出版社","publist_time":"2016-08-20","link":"http://product.dangdang.com/24010110.html","price":"¥33.80¥7.99"},{"title":"玩转绘本创意读写","img":"http://img3x3.ddimg.cn/38/27/24040703-1_l_3.jpg","author":"曹爱卫　著","publister":"浙江少年儿童出版社","publist_time":"2016-10-01","link":"http://product.dangdang.com/24040703.html","price":"¥26.60"},{"title":"我爸爸很温柔、很听话，但是……","img":"http://img3x7.ddimg.cn/70/34/24029647-1_l_5.jpg","author":"〔法〕科拉莉・索多/著 〔法〕克里斯・迪・贾科莫/绘 李F谕/译","publister":"广西师范大学出版社","publist_time":"2016-08-01","link":"http://product.dangdang.com/24029647.html","price":"¥24.00"},{"title":"三只小猪","img":"http://img3x0.ddimg.cn/27/0/23999310-1_l_6.jpg","author":"[美] 大卫・威斯纳/文图 彭 懿/译","publister":"希望出版社","publist_time":"2016-07-01","link":"http://product.dangdang.com/23999310.html","price":"¥29.80"},{"title":"海豚绘本花园：路边花（精装）","img":"http://img3x9.ddimg.cn/28/6/24004459-1_l_6.jpg","author":"乔纳诺?罗森","publister":"长江少年儿童出版社","publist_time":"2016-09-01","link":"http://product.dangdang.com/24004459.html","price":"¥24.00"},{"title":"数学世界历险记7 挑战魔方阵 我的第一本科学漫画书","img":"http://img3x1.ddimg.cn/64/0/24028651-1_l_5.jpg","author":"[韩]柳己韵 文 /  [韩]文情厚 图 / 全玉花 译","publister":"二十一世纪出版社","publist_time":"2016-08-01","link":"http://product.dangdang.com/24028651.html","price":"¥16.90"},{"title":"心喜阅绘本馆：苹果树上的死神（精）","img":"http://img3x8.ddimg.cn/10/22/24025528-1_l_3.jpg","author":"[瑞士]卡尔廷・舍雷尔/著绘  陈俊/译","publister":"长江少年儿童出版社","publist_time":"2016-09-01","link":"http://product.dangdang.com/24025528.html","price":"¥21.70"},{"title":"心喜阅绘本馆：小心兔子来捣乱！（平）","img":"http://img3x4.ddimg.cn/92/4/24025214-1_l_5.jpg","author":"玛丽 .尼米埃","publister":"长江少年儿童出版社","publist_time":"2016-10-01","link":"http://product.dangdang.com/24025214.html","price":"¥17.30"},{"title":"叶子先生","img":"http://img3x9.ddimg.cn/28/3/24029209-1_l_4.jpg","author":"[美]洛伊丝・艾勒特 著","publister":"新星出版社","publist_time":"2016-09-01","link":"http://product.dangdang.com/24029209.html","price":"¥35.10"},{"title":"心喜阅绘本馆：小心兔子来捣乱！（精）","img":"http://img3x3.ddimg.cn/91/3/24025213-1_l_5.jpg","author":"玛丽.尼米埃","publister":"长江少年儿童出版社","publist_time":"2016-10-01","link":"http://product.dangdang.com/24025213.html","price":"¥29.00"},{"title":"冒险岛数学奇遇记41-45","img":"http://img3x8.ddimg.cn/51/3/24018738-1_l_11.jpg","author":"（韩）宋道树 著 （韩）徐正银 绘 李学权 王佳 李享妍译","publister":"光明日报出版社","publist_time":"2016-09-01","link":"http://product.dangdang.com/24018738.html","price":"¥106.50"},{"title":"凯叔古诗智能悦读礼盒（预订即可得凯叔亲笔签名珍藏版明信片）","img":"http://img3x1.ddimg.cn/86/27/24033821-1_l_24.jpg","author":"凯叔 著，东子 绘","publister":"中信出版社","publist_time":"2016-10-01","link":"http://product.dangdang.com/24033821.html","price":"¥178.20"},{"title":"百年童话绘本・典藏版第2辑（全6册）","img":"http://img3x0.ddimg.cn/92/22/24030560-1_l_8.jpg","author":"（德）格林兄弟，（丹）安徒生，（英）詹姆斯・马修・巴利等","publister":"北京联合出版公司","publist_time":"2016-09-15","link":"http://product.dangdang.com/24030560.html","price":"¥57.70"},{"title":"数学世界历险记8 重返现实世界 我的第一本科学漫画书","img":"http://img3x2.ddimg.cn/65/1/24028652-1_l_5.jpg","author":"[韩]柳己韵 文 /  [韩]文情厚 图 / 全玉花 译","publister":"二十一世纪出版社","publist_time":"2016-08-01","link":"http://product.dangdang.com/24028652.html","price":"¥16.90"},{"title":"幼学启蒙・中国古代神话（中英对照全四册精装版）","img":"http://img3x1.ddimg.cn/67/19/24015091-1_l_6.jpg","author":"赵镇琬","publister":"新世界出版社","publist_time":"2016-09-01","link":"http://product.dangdang.com/24015091.html","price":"¥63.70"},{"title":"太空猫：物理大爆炸","img":"http://img3x8.ddimg.cn/92/12/24012938-1_l_8.jpg","author":"【英】多米尼克・瓦里曼 著  【英】本・纽曼 /著绘","publister":"长江少年儿童出版社","publist_time":"2016-09-01","link":"http://product.dangdang.com/24012938.html","price":"¥45.30"},{"title":"我爱上小学（套装共2册）","img":"http://img3x9.ddimg.cn/27/14/24029109-1_l_6.jpg","author":"宋谚（著），徐贤（绘）","publister":"光明日报出版社","publist_time":"2016-09-09","link":"http://product.dangdang.com/24029109.html","price":"¥43.20"},{"title":"鹅妈妈布鲁斯","img":"http://img3x4.ddimg.cn/23/34/24025244-1_l_6.jpg","author":"【美】 瑞安・T.希金斯","publister":"郑州大学出版社","publist_time":"2016-09-01","link":"http://product.dangdang.com/24025244.html","price":"¥24.00"},{"title":"女儿四岁了，我们开始聊哲学（全彩共四册）","img":"http://img3x2.ddimg.cn/51/6/24023292-1_l_6.jpg","author":"周国平 著，贵图子 马小得 绘","publister":"电子工业出版社","publist_time":"2016-10-01","link":"http://product.dangdang.com/24023292.html","price":"¥95.90"},{"title":"有故事的汉字 第1+2合辑（当当独家订制版，全6册）","img":"http://img3x4.ddimg.cn/58/24/24011914-1_l_5.jpg","author":"邱昭瑜 、苏真","publister":"青岛出版社","publist_time":"2016-08-01","link":"http://product.dangdang.com/24011914.html","price":"¥82.80"},{"title":"孩子，你该如何自我保护――方法学家给孩子的安全管理秘籍","img":"http://img3x1.ddimg.cn/44/17/24028631-1_l_5.jpg","author":"吴甘霖 著","publister":"接力出版社","publist_time":"2016-09-01","link":"http://product.dangdang.com/24028631.html","price":"¥22.00"},{"title":"不能错过的迪士尼双语经典电影故事：海底总动员1寻找尼莫","img":"http://img3x7.ddimg.cn/13/12/24018007-1_l_6.jpg","author":"【美】美国迪士尼公司 著，国开童媒 编","publister":"中央广播电视大学出版社","publist_time":"2016-09-01","link":"http://product.dangdang.com/24018007.html","price":"¥23.80"},{"title":"不老泉文库（1-10册）第一辑 礼盒装 不老泉/银顶针的夏天/时代广...","img":"http://img3x0.ddimg.cn/16/24/24017020-1_l_6.jpg","author":"[美]娜塔莉?巴比特  等","publister":"二十一世纪出版社","publist_time":"2016-07-01","link":"http://product.dangdang.com/24017020.html","price":"¥119.40"},{"title":"下雪天 （6次凯迪克大奖得主杰里・平克尼精美插图 童立方童书出品...","img":"http://img3x0.ddimg.cn/54/12/24016860-1_l_5.jpg","author":"（美）南茜?威拉德◎文  （美）杰里?平克尼◎图","publister":"北京联合出版公司","publist_time":"2016-05-01","link":"http://product.dangdang.com/24016860.html","price":"¥24.60"},{"title":"苏菲的烦恼","img":"http://img3x9.ddimg.cn/60/10/24025479-1_l_5.jpg","author":"塞居尔伯爵夫人","publister":"译林出版社","publist_time":"2016-08-01","link":"http://product.dangdang.com/24025479.html","price":"¥50.20"},{"title":"看里面系列第六辑（全4册）","img":"http://img3x5.ddimg.cn/91/33/24012145-1_l_6.jpg","author":"[英]艾米丽.邦/文  [英]史蒂夫.斯科特/图 袁本阳  宁宇/译","publister":"未来出版社","publist_time":"2016-08-01","link":"http://product.dangdang.com/24012145.html","price":"¥147.70"},{"title":"书语者（如何激发孩子的阅读潜能）","img":"http://img3x9.ddimg.cn/53/6/24033689-1_l_3.jpg","author":"唐娜琳・米勒（Donalyn Miller) /著  关睿 石东 /译  阿甲 /审译","publister":"新疆青少年出版社","publist_time":"2016-09-01","link":"http://product.dangdang.com/24033689.html","price":"¥30.40"},{"title":"给2~6岁孩子的职业梦想启蒙书","img":"http://img3x0.ddimg.cn/0/8/24024330-1_l_5.jpg","author":"赫尔德?范德尔梅尔 著 安妮米?贝瑞布洛克斯 绘 马约兰?伯帝  绘","publister":"文化发展出版社","publist_time":"2016-06-01","link":"http://product.dangdang.com/24024330.html","price":"¥121.70"},{"title":"新美南吉童话绘本1：蜗牛的悲伤","img":"http://img3x0.ddimg.cn/59/23/24022310-1_l_6.jpg","author":"（日）新美南吉 著 铃木靖将 绘","publister":"南海出版公司","publist_time":"2016-09-01","link":"http://product.dangdang.com/24022310.html","price":"¥22.70"},{"title":"如何写好一个故事","img":"http://img3x2.ddimg.cn/46/31/24013882-1_l_6.jpg","author":"（美）安・华福・保罗 著","publister":"新星出版社","publist_time":"2016-08-01","link":"http://product.dangdang.com/24013882.html","price":"¥23.70"},{"title":"美国国家地理神话故事：希腊埃及（套装共2册）","img":"http://img3x0.ddimg.cn/28/11/24013270-1_l_6.jpg","author":"唐娜?乔?纳波利","publister":"北京联合出版公司","publist_time":"2016-07-30","link":"http://product.dangdang.com/24013270.html","price":"¥83.70"},{"title":"大英儿童漫画百科(第二辑，全5册）","img":"http://img3x0.ddimg.cn/7/11/24012160-1_l_11.jpg","author":"美国大英百科全书公司、韩国未来恩出版社","publister":"湖南少年儿童出版社","publist_time":"2016-08-01","link":"http://product.dangdang.com/24012160.html","price":"¥96.90"},{"title":"皮皮鲁和鲁西西第二辑(套装共9册)","img":"http://img3x7.ddimg.cn/73/14/24008167-1_l_1.jpg","author":"郑渊洁","publister":"浙江少年儿童出版社","publist_time":"2016-06-01","link":"http://product.dangdang.com/24008167.html","price":"¥90.90"},{"title":"0-3岁宝宝必读的十大经典童话","img":"http://img3x0.ddimg.cn/37/18/24031000-1_l_5.jpg","author":"文：波布  图：李立恩","publister":"北京联合出版公司","publist_time":"2015-09-01","link":"http://product.dangdang.com/24031000.html","price":"¥20.70"},{"title":"百年童话绘本・典藏版第5辑（全6册）","img":"http://img3x4.ddimg.cn/96/26/24030564-1_l_6.jpg","author":"（德）格林兄弟，（丹）安徒生等","publister":"北京联合出版公司","publist_time":"2016-09-15","link":"http://product.dangdang.com/24030564.html","price":"¥57.70"},{"title":"百年童话绘本・典藏版第4辑（全6册）","img":"http://img3x3.ddimg.cn/95/25/24030563-1_l_4.jpg","author":"（德）格林兄弟，（法）夏尔・佩罗等","publister":"北京联合出版公司","publist_time":"2016-09-15","link":"http://product.dangdang.com/24030563.html","price":"¥57.70"},{"title":"幼儿画报2016年第三季度合订本","img":"http://img3x1.ddimg.cn/29/6/24026141-1_l_3.jpg","author":"高洪波 金波 白冰 刘丙钧葛冰著","publister":"中国少年儿童出版社","publist_time":"2016-10-01","link":"http://product.dangdang.com/24026141.html","price":"¥43.60"},{"title":"美国经典专注力培养大书（幼儿版）","img":"http://img3x4.ddimg.cn/41/16/24007244-1_l_12.jpg","author":"HIGHLIGHTS","publister":"湖南少年儿童出版社","publist_time":"2016-09-01","link":"http://product.dangdang.com/24007244.html","price":"¥43.20"},{"title":"最美地球绘本系列（全3册）","img":"http://img3x9.ddimg.cn/31/1/24005749-1_l_4.jpg","author":"[法]刘易斯.里戈  [法]阿努克.博伊斯罗伯特/设计   方素珍/译","publister":"陕西人民教育出版社","publist_time":"2014-09-01","link":"http://product.dangdang.com/24005749.html","price":"¥216.50"},{"title":"神奇的专注力训练游戏书(全四册)","img":"http://img3x4.ddimg.cn/35/35/24040304-1_l_1.jpg","author":"贝基・威尔逊 克莱尔・西皮 苏珊・费尔布拉泽","publister":"贵州教育出版社","publist_time":"2016-10-01","link":"http://product.dangdang.com/24040304.html","price":"¥81.40"},{"title":"看里面系列第六辑-揭秘天气","img":"http://img3x8.ddimg.cn/16/4/24033058-1_l_6.jpg","author":"[英]凯蒂?戴恩斯/文  [英]拉塞尔?泰特/图  乐乐趣出品","publister":"未来出版社","publist_time":"2016-08-01","link":"http://product.dangdang.com/24033058.html","price":"¥39.80"},{"title":"百年童话绘本・典藏版第3辑（全6册）","img":"http://img3x1.ddimg.cn/93/23/24030561-1_l_8.jpg","author":"（德）格林兄弟，（丹）安徒生等","publister":"北京联合出版公司","publist_time":"2016-09-15","link":"http://product.dangdang.com/24030561.html","price":"¥57.70"},{"title":"小猫温斯顿2：四个火枪手","img":"http://img3x9.ddimg.cn/68/6/24029249-1_l_6.jpg","author":"〔德〕芙劳可・休娜曼/著 俞洁琼/译 淘然/绘","publister":"广西师范大学出版社","publist_time":"2016-09-01","link":"http://product.dangdang.com/24029249.html","price":"¥20.60"},{"title":"植物大战僵尸2唐诗漫画4","img":"http://img3x8.ddimg.cn/41/14/24028628-1_l_6.jpg","author":"笑江南 编绘","publister":"中国少年儿童出版社","publist_time":"2016-08-31","link":"http://product.dangdang.com/24028628.html","price":"¥17.50"},{"title":"《爸爸的故事》与《女儿的故事》","img":"http://img3x5.ddimg.cn/42/31/24026055-1_l_6.jpg","author":"梅子涵、梅思繁","publister":"新蕾出版社","publist_time":"2016-06-01","link":"http://product.dangdang.com/24026055.html","price":"¥35.70"},{"title":"儿童情绪管理精选绘本（全4册）","img":"http://img3x0.ddimg.cn/16/15/24018010-1_l_6.jpg","author":"比利时-贝・德鲁-雷纳多 等著，国开童媒 编","publister":"中央广播电视大学出版社","publist_time":"2016-09-01","link":"http://product.dangdang.com/24018010.html","price":"¥47.40"},{"title":"巴巴爸爸科学故事系列","img":"http://img3x7.ddimg.cn/75/1/24007377-1_l_5.jpg","author":"【法】托马斯・泰勒  爱丽丝・泰勒","publister":"接力出版社","publist_time":"2016-08-01","link":"http://product.dangdang.com/24007377.html","price":"¥85.00"},{"title":"我妈妈要生新宝宝啦","img":"http://img3x8.ddimg.cn/27/2/24029208-1_l_6.jpg","author":"（英）罗伦斯・安荷特 著，（英）凯瑟琳・安荷特 绘","publister":"新星出版社","publist_time":"2016-09-01","link":"http://product.dangdang.com/24029208.html","price":"¥26.30"},{"title":"与艺术对话――给青少年的艺术素养书（精装版）（全彩）","img":"http://img3x1.ddimg.cn/73/2/24026581-1_l_12.jpg","author":"（意）Maria Carla Prette（玛丽亚・卡利亚・普莱特）","publister":"电子工业出版社","publist_time":"2016-09-01","link":"http://product.dangdang.com/24026581.html","price":"¥134.50"},{"title":"爸爸的故事","img":"http://img3x6.ddimg.cn/43/32/24026056-1_l_6.jpg","author":"梅思繁","publister":"新蕾出版社","publist_time":"2016-06-01","link":"http://product.dangdang.com/24026056.html","price":"¥17.50"},{"title":"歪歪路小学（全3册）","img":"http://img3x4.ddimg.cn/28/6/24022774-1_l_6.jpg","author":"〔美〕路易斯・萨奇尔，孙成昊 赵亦周 译","publister":"百花文艺出版社","publist_time":"2016-08-15","link":"http://product.dangdang.com/24022774.html","price":"¥56.20"},{"title":"超级飞侠拼音认读故事(全四册)","img":"http://img3x2.ddimg.cn/32/8/24007532-1_l_5.jpg","author":"奥飞动漫 著","publister":"接力出版社","publist_time":"2016-07-01","link":"http://product.dangdang.com/24007532.html","price":"¥63.40"},{"title":"爱丽丝梦游仙境原著小说","img":"http://img3x0.ddimg.cn/38/1/24007340-1_l_6.jpg","author":"（英）刘易斯?卡罗尔 著，童趣出版有限公司 编","publister":"人民邮电出版社","publist_time":"2016-07-01","link":"http://product.dangdang.com/24007340.html","price":"¥28.00"},{"title":"海豚绘本花园：小丑和农夫（精装）","img":"http://img3x0.ddimg.cn/29/7/24004460-1_l_6.jpg","author":"玛拉?弗雷奇","publister":"长江少年儿童出版社","publist_time":"2016-08-01","link":"http://product.dangdang.com/24004460.html","price":"¥26.00"},{"title":"看里面系列第六辑-揭秘知识","img":"http://img3x9.ddimg.cn/17/5/24033059-1_l_5.jpg","author":"[英]詹姆斯?麦克林 [英]阿历克斯?弗里斯/文   [英]马克?帕尔米耶里/图   乐乐趣出品","publister":"未来出版社","publist_time":"2016-08-01","link":"http://product.dangdang.com/24033059.html","price":"¥39.80"},{"title":"小北极熊系列（全9册）","img":"http://img3x2.ddimg.cn/45/18/24028632-1_l_6.jpg","author":"（荷兰）汉斯?比尔 （著）；陈琦 译","publister":"接力出版社","publist_time":"2016-07-01","link":"http://product.dangdang.com/24028632.html","price":"¥108.90"},{"title":"三毛流浪记（珍藏版）","img":"http://img3x0.ddimg.cn/26/8/24023960-1_l_18.jpg","author":"张乐平 著","publister":"少年儿童出版社","publist_time":"2016-08-01","link":"http://product.dangdang.com/24023960.html","price":"¥46.40"},{"title":"会飞的恐龙系列科普漫画（套装）","img":"http://img3x4.ddimg.cn/32/8/24022184-1_l_6.jpg","author":"王章俊，漫匣子工作室","publister":"地质出版社","publist_time":"2016-06-01","link":"http://product.dangdang.com/24022184.html","price":"¥63.40"},{"title":"小兔杰瑞情商绘本旅行版（套装16册）","img":"http://img3x6.ddimg.cn/29/18/24018716-1_l_6.jpg","author":"王坤","publister":"北京联合出版公司","publist_time":"2016-06-30","link":"http://product.dangdang.com/24018716.html","price":"¥72.80"},{"title":"中信给孩子的系列（给孩子的动物寓言+给孩子的汉字王国，共2册）","img":"http://img3x0.ddimg.cn/34/1/24015850-1_l_5.jpg","author":"【瑞典】林西莉/黄永玉","publister":"中信出版社","publist_time":"2016-08-31","link":"http://product.dangdang.com/24015850.html","price":"¥74.70"},{"title":"真果果认知启蒙第1辑（全5册） 零起点认知阅读系列","img":"http://img3x5.ddimg.cn/27/8/24012675-1_l_6.jpg","author":"真果果","publister":"中国人口出版社","publist_time":"2016-08-01","link":"http://product.dangdang.com/24012675.html","price":"¥40.60"},{"title":"跟着童话学语文 胡萝卜先生的胡子","img":"http://img3x6.ddimg.cn/16/30/24011476-1_l_5.jpg","author":"王一梅","publister":"中国中福会出版社","publist_time":"2016-08-18","link":"http://product.dangdang.com/24011476.html","price":"¥16.90"},{"title":"陈一冰给孩子的勇敢书系列（全4册）","img":"http://img3x9.ddimg.cn/87/22/24043029-1_l_2.jpg","author":"陈一冰","publister":"广西师范大学出版社","publist_time":"2016-09-01","link":"http://product.dangdang.com/24043029.html","price":"¥49.50"},{"title":"花婆婆・方素珍 原创绘本馆：绘本读写课堂 二年级","img":"http://img3x5.ddimg.cn/40/29/24040705-1_l_3.jpg","author":"方素珍","publister":"浙江少年儿童出版社","publist_time":"2016-09-01","link":"http://product.dangdang.com/24040705.html","price":"¥56.00"},{"title":"花婆婆・方素珍 原创绘本馆：绘本读写课堂 一年级","img":"http://img3x4.ddimg.cn/39/28/24040704-1_l_3.jpg","author":"方素珍","publister":"浙江少年儿童出版社","publist_time":"2016-09-01","link":"http://product.dangdang.com/24040704.html","price":"¥56.00"},{"title":"保卫萝卜3恐龙漫画 恐龙馆惊奇夜","img":"http://img3x3.ddimg.cn/54/26/24039333-1_l_3.jpg","author":"笑江南 编绘","publister":"中国少年儿童出版社","publist_time":"2016-10-01","link":"http://product.dangdang.com/24039333.html","price":"¥17.50"},{"title":"王大伟儿童安全百科绘本――小石头、电饭煲与汽车警察","img":"http://img3x8.ddimg.cn/27/31/24034158-1_l_5.jpg","author":"王大伟/著；林敏/绘","publister":"中国大百科全书出版社","publist_time":"2016-09-01","link":"http://product.dangdang.com/24034158.html","price":"¥78.40"},{"title":"汤姆的小妹妹(精装版)","img":"http://img3x3.ddimg.cn/73/8/24028363-1_l_5.jpg","author":"（法）玛莉-阿丽娜・巴文　图，（法）克斯多夫・勒・马斯尼　文，梅莉　译","publister":"海燕出版社","publist_time":"2016-07-01","link":"http://product.dangdang.com/24028363.html","price":"¥17.30"},{"title":"洞洞书第二辑（全2册）","img":"http://img3x9.ddimg.cn/19/18/24025339-1_l_6.jpg","author":"伊莎贝尔.平","publister":"安徽少年儿童出版社","publist_time":"2016-09-01","link":"http://product.dangdang.com/24025339.html","price":"¥52.50"},{"title":"鞋匠和10个小精灵","img":"http://img3x8.ddimg.cn/51/22/24020718-1_l_6.jpg","author":"（日）林水穗 著，（日）冈田昌子 绘","publister":"新星出版社","publist_time":"2016-09-01","link":"http://product.dangdang.com/24020718.html","price":"¥26.30"},{"title":"金羽毛・世界获奖绘本 鼠牛虎兔","img":"http://img3x8.ddimg.cn/93/21/24018978-1_l_6.jpg","author":"王家珍 （文）;王家珠（图）","publister":"海燕出版社","publist_time":"2016-09-01","link":"http://product.dangdang.com/24018978.html","price":"¥29.90"},{"title":"金羽毛・世界获奖绘本 龙蛇马羊","img":"http://img3x6.ddimg.cn/21/23/24018906-1_l_5.jpg","author":"王家珍 （文）;王家珠（图）","publister":"海燕出版社","publist_time":"2016-09-01","link":"http://product.dangdang.com/24018906.html","price":"¥29.90"},{"title":"金羽毛・世界获奖绘本 猴鸡狗猪 ","img":"http://img3x7.ddimg.cn/91/31/24018877-1_l_6.jpg","author":"王家珍 （文）;王家珠（图）","publister":"海燕出版社","publist_time":"2016-09-01","link":"http://product.dangdang.com/24018877.html","price":"¥29.90"},{"title":"让女孩一生幸福的睡前故事――美人鱼卷","img":"http://img3x1.ddimg.cn/2/15/24018491-1_l_5.jpg","author":"彭凡  著","publister":"化学工业出版社","publist_time":"2016-09-01","link":"http://product.dangdang.com/24018491.html","price":"¥28.00"},{"title":"有趣的一家（我救了我爸爸+我救了我妈妈+当爸爸遇见妈妈，套装3册...","img":"http://img3x0.ddimg.cn/11/32/24013550-1_l_3.jpg","author":"[法]埃尔维?杜莱/著","publister":"中信出版社","publist_time":"2016-09-08","link":"http://product.dangdang.com/24013550.html","price":"¥106.20"},{"title":"超级飞侠环球科学探险・太空历险记","img":"http://img3x1.ddimg.cn/92/10/24008681-1_l_6.jpg","author":"童海云、王立、孙静、 刘洋、孙婕婷","publister":"海天出版社","publist_time":"2016-08-01","link":"http://product.dangdang.com/24008681.html","price":"¥15.80"},{"title":"超级飞侠环球科学探险・探秘海洋世界","img":"http://img3x8.ddimg.cn/89/7/24008678-1_l_6.jpg","author":"童海云、王立、孙静、 刘洋、孙婕婷","publister":"海天出版社","publist_time":"2016-08-01","link":"http://product.dangdang.com/24008678.html","price":"¥15.80"},{"title":"叶圣陶儿童文学作品集全4册（古代英雄的石像  寒假的一天  稻草人...","img":"http://img3x4.ddimg.cn/22/12/24004354-1_l_6.jpg","author":"叶圣陶","publister":"天地出版社","publist_time":"2016-01-01","link":"http://product.dangdang.com/24004354.html","price":"¥54.60"},{"title":"绘本花园：围篱上的小黑点（精装）","img":"http://img3x7.ddimg.cn/23/0/24004157-1_l_6.jpg","author":"王凌轩","publister":"长江少年儿童出版社","publist_time":"2016-08-01","link":"http://product.dangdang.com/24004157.html","price":"¥26.00"},{"title":"总有一个吃包子的理由","img":"http://img3x2.ddimg.cn/42/36/24042192-1_l_3.jpg","author":"袁晓峰 文","publister":"贵州人民出版社","publist_time":"2016-07-15","link":"http://product.dangdang.com/24042192.html","price":"¥27.70"},{"title":"大黄的假期","img":"http://img3x6.ddimg.cn/59/7/24039536-1_l_2.jpg","author":"王彭冲","publister":"青岛出版社","publist_time":"2016-08-01","link":"http://product.dangdang.com/24039536.html","price":"¥19.20"},{"title":"小青虫的梦","img":"http://img3x8.ddimg.cn/84/22/24032928-1_l_3.jpg","author":"文/冰波","publister":"湖南少年儿童出版社","publist_time":"2016-07-01","link":"http://product.dangdang.com/24032928.html","price":"¥25.20"},{"title":"我的第一本美国国家地理昆虫百科","img":"http://img3x0.ddimg.cn/25/21/24031780-1_l_1.jpg","author":"（美）凯瑟林・D.休斯　著，陆维浓　译","publister":"浙江少年儿童出版社","publist_time":"2016-07-01","link":"http://product.dangdang.com/24031780.html","price":"¥21.00"},{"title":"迪士尼英语情景图解单词书","img":"http://img3x7.ddimg.cn/52/1/24028837-1_l_5.jpg","author":"【美】美国迪士尼公司 著，国开童媒 编","publister":"中央广播电视大学出版社","publist_time":"2016-09-01","link":"http://product.dangdang.com/24028837.html","price":"¥38.40"},{"title":"“方法学家教孩子自我管理” (共3册）管好自己就能飞+自觉可以练...","img":"http://img3x0.ddimg.cn/43/16/24028630-1_l_6.jpg","author":"吴甘霖 著","publister":"接力出版社","publist_time":"2016-09-01","link":"http://product.dangdang.com/24028630.html","price":"¥66.00"},{"title":"成语故事-陪伴孩子成长的经典・第2辑","img":"http://img3x1.ddimg.cn/10/31/24028201-1_l_2.jpg","author":"晓F","publister":"中国人口出版社","publist_time":"2016-06-01","link":"http://product.dangdang.com/24028201.html","price":"¥20.60"},{"title":"石头汤","img":"http://img3x6.ddimg.cn/2/22/24027896-1_l_6.jpg","author":"【英】托尼・罗斯 改编/图","publister":"北京联合出版公司","publist_time":"2016-09-01","link":"http://product.dangdang.com/24027896.html","price":"¥23.20"}]